Branch Code,Homogeneous Branches,Energy Carriers,1995,1996,1997,1998,1999,2000,2001,2002,2003,2004,2005,2006,2007,2008,2009,2010,2011,2012,2013,2014,2015,2016,2017,2018,2019,2020
CPA08-01,"Products of agric., hunting and related services",Hard coal and hard coal products,888,946,829,1071,1185,1329,1692,1756,899,985,975,980,396,400,200,300,360,1080,248,475,1766,565,368,417,34,30
CPA08-01,"Products of agric., hunting and related services",Brown coal (lignite) and brown coal products,1477,1346,1275,1056,873,678,545,669,132,20,25,20,4,0,0,0,0,0,0,0,0,0,0,0,0,0
CPA08-01,"Products of agric., hunting and related services",Crude oil,0,0,0,0,0,0,0,0,0,0,0,0,0,0,0,0,0,0,0,0,0,0,0,0,0,0
CPA08-01,"Products of agric., hunting and related services",Petrol,4580,3610,2976,2897,2456,1926,1573,1504,1301,1182,708,625,542,490,430,402,383,350,345,317,284,270,265,261,275,241
CPA08-01,"Products of agric., hunting and related services",Diesel fuels,94156,94655,94546,94130,93709,82778,81461,81573,82385,83557,43340,42891,43239,44348,48407,48012,48796,47952,50725,52114,54741,56857,58373,54796,55719,56631
CPA08-01,"Products of agric., hunting and related services",Aviation turbine fuel,0,0,0,0,0,0,0,0,0,0,0,0,0,0,0,0,0,0,0,0,0,0,0,0,0,0
CPA08-01,"Products of agric., hunting and related services",Heating oil,58503,67213,46675,44120,35033,30308,35324,35185,30848,25973,21121,24816,18514,28650,28127,20290,18350,19118,19493,17536,17351,15866,16077,12913,11870,16069
CPA08-01,"Products of agric., hunting and related services",Heavy fuel oil,0,0,0,0,0,0,0,0,0,0,0,0,0,0,0,0,0,0,0,0,0,0,0,0,0,0
CPA08-01,"Products of agric., hunting and related services",Other mineral oil products,766,740,860,775,753,693,712,631,637,2155,2402,1806,1854,1781,1815,2101,1641,1674,1672,1534,1700,1984,1448,1657,1880,1446
CPA08-01,"Products of agric., hunting and related services",Gases,13469,13200,12846,12480,12109,13272,14401,14500,11591,10510,14993,14563,11794,11684,9945,9104,7308,5979,6446,5521,8362,7552,7394,6623,6803,6574
CPA08-01,"Products of agric., hunting and related services",Renewable energies,1917,2066,2181,2366,2321,2954,3655,4074,4496,4738,4348,4185,5549,5079,6429,28864,33248,72197,60162,55313,62240,59779,63106,52232,54182,47171
CPA08-01,"Products of agric., hunting and related services",Electricity and other energy sources,21485,20484,19907,19351,18293,18389,18788,20409,19691,19791,20052,20399,19921,21124,20088,17983,17486,18454,18710,16786,18314,18547,18719,17767,16385,15051
CPA08-02,"Products of forestry, logging and related services",Hard coal and hard coal products,0,0,0,0,0,0,0,0,0,0,0,0,0,0,0,0,0,0,0,0,0,0,0,0,0,0
CPA08-02,"Products of forestry, logging and related services",Brown coal (lignite) and brown coal products,0,0,0,0,0,0,0,0,0,0,0,0,0,0,0,0,0,0,0,0,0,0,0,0,0,0
CPA08-02,"Products of forestry, logging and related services",Crude oil,0,0,0,0,0,0,0,0,0,0,0,0,0,0,0,0,0,0,0,0,0,0,0,0,0,0
CPA08-02,"Products of forestry, logging and related services",Petrol,3238,3087,2995,2904,3249,3341,2784,2815,3082,3122,3123,3144,3563,2819,1546,1595,1464,441,431,446,1700,1614,1629,1741,1746,2567
CPA08-02,"Products of forestry, logging and related services",Diesel fuels,2793,2738,2774,2746,3182,3653,3081,3040,3421,3571,2901,3155,3840,2973,2749,3086,3328,3045,3156,3330,3598,3539,3736,4174,4247,4963
CPA08-02,"Products of forestry, logging and related services",Aviation turbine fuel,0,0,0,0,0,0,0,0,0,0,0,0,0,0,0,0,0,0,0,0,0,0,0,0,0,0
CPA08-02,"Products of forestry, logging and related services",Heating oil,0,0,0,0,0,0,0,0,0,0,0,0,0,0,0,0,0,0,0,0,0,0,0,0,0,0
CPA08-02,"Products of forestry, logging and related services",Heavy fuel oil,0,0,0,0,0,0,0,0,0,0,0,0,0,0,0,0,0,0,0,0,0,0,0,0,0,0
CPA08-02,"Products of forestry, logging and related services",Other mineral oil products,0,0,0,0,0,0,0,0,0,0,0,0,1,1,1,1,1,1,1,1,1,1,1,1,1,0
CPA08-02,"Products of forestry, logging and related services",Gases,0,0,0,0,0,0,0,0,0,0,0,0,1,1,0,0,1,0,0,0,0,0,0,0,0,0
CPA08-02,"Products of forestry, logging and related services",Renewable energies,1,1,2,2,3,6,7,9,12,15,99,173,252,214,224,251,263,204,191,210,239,237,254,304,311,437
CPA08-02,"Products of forestry, logging and related services",Electricity and other energy sources,734,699,617,543,641,563,470,480,470,470,460,489,474,485,513,555,493,0,557,394,426,569,1023,961,847,791
CPA08-03,"Fish,aquaculture prod.,support services to fishing",Hard coal and hard coal products,0,0,0,0,0,0,0,0,0,0,0,0,0,0,0,0,0,0,0,0,0,0,0,0,0,0
CPA08-03,"Fish,aquaculture prod.,support services to fishing",Brown coal (lignite) and brown coal products,0,0,0,0,0,0,0,0,0,0,0,0,0,0,0,0,0,0,0,0,0,0,0,0,0,0
CPA08-03,"Fish,aquaculture prod.,support services to fishing",Crude oil,0,0,0,0,0,0,0,0,0,0,0,0,0,0,0,0,0,0,0,0,0,0,0,0,0,0
CPA08-03,"Fish,aquaculture prod.,support services to fishing",Petrol,6,5,5,5,4,3,2,3,5,6,5,6,5,6,6,6,5,4,4,3,2,3,3,3,2,2
CPA08-03,"Fish,aquaculture prod.,support services to fishing",Diesel fuels,2086,2002,1919,1836,1752,1520,1507,1479,1473,1453,1275,1223,1137,1117,1098,1046,992,963,953,919,894,883,845,825,799,792
CPA08-03,"Fish,aquaculture prod.,support services to fishing",Aviation turbine fuel,0,0,0,0,0,0,0,0,0,0,0,0,0,0,0,0,0,0,0,0,0,0,0,0,0,0
CPA08-03,"Fish,aquaculture prod.,support services to fishing",Heating oil,0,0,0,0,0,0,0,0,0,0,0,0,0,0,0,0,0,0,0,0,0,0,0,0,0,0
CPA08-03,"Fish,aquaculture prod.,support services to fishing",Heavy fuel oil,0,0,0,0,0,0,0,0,0,0,0,0,0,0,0,0,0,0,0,0,0,0,0,0,0,0
CPA08-03,"Fish,aquaculture prod.,support services to fishing",Other mineral oil products,0,0,0,0,0,0,0,0,0,0,0,0,0,0,0,0,0,0,0,0,0,0,0,0,0,0
CPA08-03,"Fish,aquaculture prod.,support services to fishing",Gases,0,0,0,0,0,0,0,0,0,0,0,0,0,0,0,0,0,0,0,0,0,0,0,0,0,0
CPA08-03,"Fish,aquaculture prod.,support services to fishing",Renewable energies,0,0,0,0,0,0,0,0,0,1,1,3,3,2,5,4,4,3,3,3,3,3,3,4,3,4
CPA08-03,"Fish,aquaculture prod.,support services to fishing",Electricity and other energy sources,633,710,476,637,470,496,470,480,470,470,460,489,474,485,513,555,493,0,557,394,426,569,175,165,159,150
CPA08-05,Coal and lignite,Hard coal and hard coal products,12720,12038,9556,5601,4832,0,29,0,1920,1248,1401,1893,1661,1809,1540,1703,1553,1417,1439,806,0,0,0,0,0,0
CPA08-05,Coal and lignite,Brown coal (lignite) and brown coal products,209142,196617,164932,131328,118421,660,658,716,647,698,750,851,754,911,799,425,801,475,628,475,452,516,602,608,521,675
CPA08-05,Coal and lignite,Crude oil,0,0,0,0,0,0,0,0,0,0,0,0,0,0,0,0,0,0,0,0,0,0,0,0,0,0
CPA08-05,Coal and lignite,Petrol,595,278,250,260,233,261,165,123,74,74,71,52,39,35,36,33,23,20,17,7,6,6,6,6,5,4
CPA08-05,Coal and lignite,Diesel fuels,2213,1303,1256,1139,1071,1266,1009,797,598,700,773,620,612,552,903,928,692,709,601,397,339,346,364,350,298,283
CPA08-05,Coal and lignite,Aviation turbine fuel,0,0,0,0,0,0,0,0,0,0,0,0,0,0,0,0,0,0,0,0,0,0,0,0,0,0
CPA08-05,Coal and lignite,Heating oil,1391,1458,903,614,754,768,715,350,342,343,287,350,312,279,449,314,294,126,116,85,92,112,137,89,53,116
CPA08-05,Coal and lignite,Heavy fuel oil,180,18,128,44,22,30,44,0,17,68,13,12,10,3,37,21,26,20,32,0,0,0,0,0,0,0
CPA08-05,Coal and lignite,Other mineral oil products,598,540,391,324,379,261,222,158,202,109,115,109,232,302,111,82,1,1,0,0,0,0,0,0,0,0
CPA08-05,Coal and lignite,Gases,5060,1840,2399,1935,1440,304,336,352,550,553,548,592,540,504,4,210,0,1,56,55,775,1011,614,540,209,0
CPA08-05,Coal and lignite,Renewable energies,1,1,2,2,2,6,7,7,575,8765,252,7656,3803,5228,5186,5749,5729,552,39,22,19,539,19,21,47,24
CPA08-05,Coal and lignite,Electricity and other energy sources,44090,21201,20457,19214,17544,32781,31552,31430,30898,29955,32852,32385,25433,26581,27012,25598,30162,27461,26480,27093,30663,29657,29936,30196,24425,21587
CPA08-06,Crude petroleum and natural gas,Hard coal and hard coal products,0,0,0,0,0,0,0,0,0,0,0,0,0,0,0,0,0,0,0,0,0,0,0,0,0,0
CPA08-06,Crude petroleum and natural gas,Brown coal (lignite) and brown coal products,0,0,0,0,0,0,0,0,0,0,0,0,0,0,0,0,0,0,0,0,0,0,0,0,0,0
CPA08-06,Crude petroleum and natural gas,Crude oil,0,0,0,0,0,0,0,0,0,0,0,0,0,0,0,0,0,0,0,0,0,0,0,0,0,0
CPA08-06,Crude petroleum and natural gas,Petrol,145,151,152,164,91,114,112,117,123,79,59,56,45,41,28,25,25,23,23,9,7,6,5,5,5,5
CPA08-06,Crude petroleum and natural gas,Diesel fuels,410,442,466,457,312,392,433,427,634,594,511,568,523,494,572,592,609,687,725,419,368,336,305,328,304,289
CPA08-06,Crude petroleum and natural gas,Aviation turbine fuel,0,0,0,0,0,0,0,0,0,0,0,0,0,0,0,0,0,0,0,0,0,0,0,0,0,0
CPA08-06,Crude petroleum and natural gas,Heating oil,38,71,5,6,9,7,5,19,50,56,38,2,3,4,7,5,7,6,5,19,7,8,6,5,4,7
CPA08-06,Crude petroleum and natural gas,Heavy fuel oil,0,0,0,0,0,0,0,0,0,0,0,0,0,0,0,0,0,0,0,0,0,3,0,0,0,0
CPA08-06,Crude petroleum and natural gas,Other mineral oil products,0,0,0,0,0,0,0,0,0,0,0,0,0,1,1,1,1,1,1,0,0,0,0,0,0,0
CPA08-06,Crude petroleum and natural gas,Gases,19264,23992,21830,22596,22247,21517,20343,18026,7589,8960,14238,8904,7968,8050,8208,8457,8427,7999,8797,8605,8638,7487,8261,7033,7272,6618
CPA08-06,Crude petroleum and natural gas,Renewable energies,0,1,1,1,1,3,4,6,16,22,29,64,58,42,47,49,46,57,55,26,20,18,32,36,77,40
CPA08-06,Crude petroleum and natural gas,Electricity and other energy sources,1735,1800,1811,1800,1710,1639,1685,1706,1820,1806,2249,1704,1872,1883,2055,2210,2441,2452,2230,2255,2287,2276,2296,2029,1947,1793
CPA08-07-01,"Metal ores, other mining and quarr. prod.,services",Hard coal and hard coal products,3618,1947,1879,2180,1960,1080,1573,850,1429,6914,1345,443,57,0,118,113,141,116,650,110,66,81,48,176,176,168
CPA08-07-01,"Metal ores, other mining and quarr. prod.,services",Brown coal (lignite) and brown coal products,3043,3424,1262,1311,1556,1472,1604,2590,1697,2496,1970,1756,2470,2581,2187,2210,2672,2100,2149,2578,2530,2885,2499,2603,2489,2183
CPA08-07-01,"Metal ores, other mining and quarr. prod.,services",Crude oil,0,0,0,0,0,0,0,0,0,0,0,0,0,0,0,0,0,0,0,0,0,0,0,0,0,0
CPA08-07-01,"Metal ores, other mining and quarr. prod.,services",Petrol,364,330,301,329,342,301,248,226,156,143,123,104,73,66,61,56,55,49,50,23,22,21,21,22,25,23
CPA08-07-01,"Metal ores, other mining and quarr. prod.,services",Diesel fuels,3022,2977,2987,3097,3418,3251,3255,2675,2049,1970,1972,1880,1816,1836,1361,1365,1384,1468,1615,1152,1238,1329,1376,1421,1567,1501
CPA08-07-01,"Metal ores, other mining and quarr. prod.,services",Aviation turbine fuel,0,0,0,0,0,0,0,0,0,0,0,0,0,0,0,0,0,0,0,0,0,0,0,0,0,0
CPA08-07-01,"Metal ores, other mining and quarr. prod.,services",Heating oil,4281,4447,4131,3438,3772,3475,3187,2616,2250,1767,1841,1566,1402,1987,923,904,898,827,647,599,646,667,646,664,635,613
CPA08-07-01,"Metal ores, other mining and quarr. prod.,services",Heavy fuel oil,1799,1862,1386,894,1483,532,619,546,441,551,552,364,414,191,108,100,81,31,40,86,50,65,56,42,40,10
CPA08-07-01,"Metal ores, other mining and quarr. prod.,services",Other mineral oil products,0,0,0,0,0,370,380,336,1333,1661,1412,1165,1084,1319,1064,911,652,604,592,677,889,752,622,705,782,669
CPA08-07-01,"Metal ores, other mining and quarr. prod.,services",Gases,15202,11838,4793,4920,5460,5407,5769,5522,4659,5746,4881,5591,5258,8388,5985,6141,4414,4363,5463,4389,4334,4522,4295,4089,3952,3550
CPA08-07-01,"Metal ores, other mining and quarr. prod.,services",Renewable energies,7,9,17,19,25,57,67,68,79,95,146,297,303,363,761,750,345,147,223,203,926,915,341,456,309,255
CPA08-07-01,"Metal ores, other mining and quarr. prod.,services",Electricity and other energy sources,10349,0,0,0,0,7071,6882,6735,7201,7415,7100,7201,7283,8660,7626,7795,7165,6568,6478,6556,6531,6655,6627,6644,6747,6455
CPA08-10-01,"Food products, beverages, tobacco products",Hard coal and hard coal products,5935,6397,6638,6268,7039,6212,6503,6212,4811,5131,3383,3344,3855,3504,4023,3818,4049,4145,3652,3816,3430,3195,3391,3565,3170,2954
CPA08-10-01,"Food products, beverages, tobacco products",Brown coal (lignite) and brown coal products,5786,6653,5530,5433,5374,5041,5001,5410,4107,5569,5699,6420,4602,4344,4542,4751,5521,5562,4647,5108,5319,4961,4901,5238,4227,4173
CPA08-10-01,"Food products, beverages, tobacco products",Crude oil,0,0,0,0,0,0,0,0,0,0,0,0,0,0,0,0,0,0,0,0,0,0,0,0,0,0
CPA08-10-01,"Food products, beverages, tobacco products",Petrol,3517,2959,2618,2739,2625,2164,1866,1939,1709,1529,1376,1208,981,879,891,914,886,931,949,298,276,269,274,283,300,273
CPA08-10-01,"Food products, beverages, tobacco products",Diesel fuels,5239,5181,5341,5417,5783,5722,6148,5694,5681,5634,5357,5239,5038,5068,5720,6044,5928,6556,6859,8322,8413,8208,7990,7715,7424,6554
CPA08-10-01,"Food products, beverages, tobacco products",Aviation turbine fuel,0,0,0,0,0,0,0,0,0,0,0,0,0,0,0,0,0,0,0,0,0,0,0,0,0,0
CPA08-10-01,"Food products, beverages, tobacco products",Heating oil,43024,43709,38228,37770,35226,30654,31455,26863,24055,20938,20620,21706,17526,17949,17060,15979,13607,12441,11203,10265,7257,7158,6799,6283,5865,5999
CPA08-10-01,"Food products, beverages, tobacco products",Heavy fuel oil,19403,16153,15436,14832,9326,9506,12512,12905,12915,9732,9163,9772,8578,6631,4238,1880,1673,1572,597,691,1019,352,216,543,1184,735
CPA08-10-01,"Food products, beverages, tobacco products",Other mineral oil products,4117,3975,4330,4260,3860,3590,4013,3287,1380,1304,1378,1215,1236,1081,1041,2395,1191,822,763,712,714,780,643,697,781,641
CPA08-10-01,"Food products, beverages, tobacco products",Gases,81075,87563,88260,88820,95778,95392,94735,96860,99884,102288,101168,98573,102222,99577,98743,108011,110285,112016,114709,114174,113399,119140,120226,116853,115803,119966
CPA08-10-01,"Food products, beverages, tobacco products",Renewable energies,7,9,17,19,26,50,102,140,2048,2266,3378,3979,4407,4617,6257,11073,3057,3591,2930,5724,2873,2833,2952,3071,3497,3250
CPA08-10-01,"Food products, beverages, tobacco products",Electricity and other energy sources,59562,59546,59820,62342,63771,63830,64352,63794,70935,70420,72856,73185,75535,76759,75600,73371,77174,79368,79689,79819,79593,81931,82161,84448,82819,81893
CPA08-13-01,"Textiles,wearing apparel,leather and related prod.",Hard coal and hard coal products,1851,1863,2025,1502,1251,1143,1270,457,1430,1351,772,894,918,732,566,495,0,0,300,223,222,205,184,1486,1488,123
CPA08-13-01,"Textiles,wearing apparel,leather and related prod.",Brown coal (lignite) and brown coal products,646,275,213,111,63,10,36,0,0,0,0,0,0,0,0,0,0,0,0,0,0,0,0,0,0,0
CPA08-13-01,"Textiles,wearing apparel,leather and related prod.",Crude oil,0,0,0,0,0,0,0,0,0,0,0,0,0,0,0,0,0,0,0,0,0,0,0,0,0,0
CPA08-13-01,"Textiles,wearing apparel,leather and related prod.",Petrol,1031,832,710,744,686,539,454,371,300,264,236,203,164,147,115,118,118,111,109,80,68,65,66,70,68,62
CPA08-13-01,"Textiles,wearing apparel,leather and related prod.",Diesel fuels,1218,1168,1177,1195,1240,1193,1252,1103,1008,983,905,872,838,843,736,778,791,772,778,1211,1134,1123,1121,1130,999,877
CPA08-13-01,"Textiles,wearing apparel,leather and related prod.",Aviation turbine fuel,0,0,0,0,0,0,0,0,0,0,0,0,0,0,0,0,0,0,0,0,0,0,0,0,0,0
CPA08-13-01,"Textiles,wearing apparel,leather and related prod.",Heating oil,7569,7571,6741,5951,5238,4386,4255,3974,3802,3184,3008,2227,2943,1615,1553,1354,1173,1140,1010,904,924,921,857,696,617,655
CPA08-13-01,"Textiles,wearing apparel,leather and related prod.",Heavy fuel oil,2214,2086,1847,1637,1278,942,980,796,595,593,489,446,408,405,357,0,319,263,228,158,0,0,0,0,0,0
CPA08-13-01,"Textiles,wearing apparel,leather and related prod.",Other mineral oil products,73,73,46,37,18,28,38,19,1552,128,129,126,66,46,45,32,28,76,71,48,31,34,1,40,61,107
CPA08-13-01,"Textiles,wearing apparel,leather and related prod.",Gases,23598,23912,22355,22176,20111,20973,19753,18334,16480,15024,14048,12642,12002,11322,9966,11268,10961,10361,10393,11294,10066,11545,11646,11173,10223,8061
CPA08-13-01,"Textiles,wearing apparel,leather and related prod.",Renewable energies,3,4,5,6,7,13,18,21,417,98,117,802,191,168,162,159,141,160,56,78,81,76,72,176,359,940
CPA08-13-01,"Textiles,wearing apparel,leather and related prod.",Electricity and other energy sources,22426,21620,20983,21083,19875,21281,23118,16695,14689,14280,13935,12143,12771,10913,9178,11978,11973,12837,9567,9403,9342,8943,8878,8693,7918,7436
CPA08-16,"Wood,cork,exc.furn.,art.of straw and plaiting mat.",Hard coal and hard coal products,352,277,170,127,130,153,116,31,94,12,15,48,79,0,0,0,0,0,0,0,0,0,0,0,0,0
CPA08-16,"Wood,cork,exc.furn.,art.of straw and plaiting mat.",Brown coal (lignite) and brown coal products,568,261,159,75,48,92,48,12,2,44,269,133,113,66,58,49,49,43,39,23,5,0,0,0,0,0
CPA08-16,"Wood,cork,exc.furn.,art.of straw and plaiting mat.",Crude oil,0,0,0,0,0,0,0,0,0,0,0,0,0,0,0,0,0,0,0,0,0,0,0,0,0,0
CPA08-16,"Wood,cork,exc.furn.,art.of straw and plaiting mat.",Petrol,715,559,501,502,488,400,316,287,237,227,205,187,156,140,119,122,116,120,123,88,82,74,72,74,82,75
CPA08-16,"Wood,cork,exc.furn.,art.of straw and plaiting mat.",Diesel fuels,927,877,914,889,951,940,940,878,818,866,814,828,811,817,760,804,773,837,885,1326,1368,1267,1232,1200,1209,1063
CPA08-16,"Wood,cork,exc.furn.,art.of straw and plaiting mat.",Aviation turbine fuel,0,0,0,0,0,0,0,0,0,0,0,0,0,0,0,0,0,0,0,0,0,0,0,0,0,0
CPA08-16,"Wood,cork,exc.furn.,art.of straw and plaiting mat.",Heating oil,6814,7169,5160,5004,4613,4164,3771,1261,2546,2360,4016,2187,2073,1911,1470,2319,1205,1211,1252,997,948,1107,1155,1023,965,1297
CPA08-16,"Wood,cork,exc.furn.,art.of straw and plaiting mat.",Heavy fuel oil,2952,2364,2146,1617,1396,2030,1820,1706,764,919,970,1152,1092,1002,811,1382,923,605,188,69,163,366,136,114,34,17
CPA08-16,"Wood,cork,exc.furn.,art.of straw and plaiting mat.",Other mineral oil products,121,117,119,123,110,107,115,94,153,155,188,163,172,158,160,111,98,84,94,91,109,120,100,104,110,95
CPA08-16,"Wood,cork,exc.furn.,art.of straw and plaiting mat.",Gases,6176,6879,7514,7645,8750,9916,10705,9844,9291,9481,9404,8753,7539,6565,6008,7060,6076,6124,7067,6954,5771,6941,7253,6500,5651,5467
CPA08-16,"Wood,cork,exc.furn.,art.of straw and plaiting mat.",Renewable energies,5782,5543,5543,7870,7786,7756,8314,8580,16667,25201,27658,22472,26540,26951,34028,44994,54751,30412,47080,59070,61302,64601,64883,62906,61774,64671
CPA08-16,"Wood,cork,exc.furn.,art.of straw and plaiting mat.",Electricity and other energy sources,15341,15278,15400,16269,16975,18294,17151,16364,17767,19048,17431,23526,20027,20997,21348,21385,22383,22101,22551,19863,20146,20177,21316,20020,19270,20622
CPA08-17,Paper and paper products,Hard coal and hard coal products,19180,17452,16657,12982,15246,13629,12782,11580,12576,11875,13671,13143,12187,18675,12305,12175,10374,7667,6972,7267,7516,7120,6708,6336,4581,3840
CPA08-17,Paper and paper products,Brown coal (lignite) and brown coal products,2982,2967,4298,3707,3217,3039,2388,3225,3961,3774,3406,2330,1903,3979,3888,4144,4990,6257,6628,6491,6507,6466,5704,5400,5269,4682
CPA08-17,Paper and paper products,Crude oil,0,0,0,0,0,0,0,0,0,0,0,0,0,0,0,0,0,0,0,0,0,0,0,0,0,0
CPA08-17,Paper and paper products,Petrol,774,624,563,594,585,537,452,403,340,307,282,254,212,190,203,209,201,198,193,132,118,111,114,121,125,114
CPA08-17,Paper and paper products,Diesel fuels,1041,1003,1047,1075,1169,1224,1287,1198,1142,1144,1136,1147,1103,1110,1307,1394,1345,1390,1390,2004,1978,1911,1950,2122,1848,1621
CPA08-17,Paper and paper products,Aviation turbine fuel,0,0,0,0,0,0,0,0,0,0,0,0,0,0,0,0,0,0,0,0,0,0,0,0,0,0
CPA08-17,Paper and paper products,Heating oil,5331,5259,4418,4118,3608,3013,3084,3014,3101,3043,2626,2664,2474,2462,2542,2657,2404,1648,1245,913,905,931,1064,1075,941,1015
CPA08-17,Paper and paper products,Heavy fuel oil,8991,9428,8288,7486,4232,2839,2523,3145,1947,2537,2478,2166,2407,1483,1320,789,266,333,454,312,341,336,332,356,360,366
CPA08-17,Paper and paper products,Other mineral oil products,3153,2320,921,645,563,972,587,467,2516,924,457,338,278,330,379,333,376,335,246,112,715,111,100,80,90,75
CPA08-17,Paper and paper products,Gases,67284,63316,67222,63091,75717,79822,78739,70527,76866,65074,83693,76043,94266,86550,78577,86759,80162,78337,79652,81297,79522,80007,82177,69865,69370,73597
CPA08-17,Paper and paper products,Renewable energies,4409,4225,4227,6001,5936,5913,6318,6452,22736,28932,107653,35635,33540,27759,36248,44747,35463,28968,41705,37053,39356,35363,46535,46372,49145,50119
CPA08-17,Paper and paper products,Electricity and other energy sources,62976,61662,63327,63974,65317,69836,68921,70603,72987,81633,88512,91723,95911,92856,90221,92937,101025,102708,102605,98809,95780,93190,93224,93312,90117,85887
CPA08-18,Printing and recording services,Hard coal and hard coal products,84,67,68,32,35,50,50,27,14,0,13,26,74,0,0,0,0,0,0,0,0,0,0,0,0,0
CPA08-18,Printing and recording services,Brown coal (lignite) and brown coal products,297,132,122,49,26,26,31,10,2,0,0,1,1,0,0,0,0,0,0,0,0,0,0,0,34,33
CPA08-18,Printing and recording services,Crude oil,0,0,0,0,0,0,0,0,0,0,0,0,0,0,0,0,0,0,0,0,0,0,0,0,0,0
CPA08-18,Printing and recording services,Petrol,431,374,324,349,349,293,245,335,259,234,219,189,150,134,124,127,116,115,108,71,60,59,59,53,56,51
CPA08-18,Printing and recording services,Diesel fuels,748,755,770,799,876,871,911,964,871,872,846,816,770,776,793,838,779,808,774,1074,1005,1017,1004,856,829,727
CPA08-18,Printing and recording services,Aviation turbine fuel,0,0,0,0,0,0,0,0,0,0,0,0,0,0,0,0,0,0,0,0,0,0,0,0,0,0
CPA08-18,Printing and recording services,Heating oil,2777,3319,2464,2489,2119,1869,2056,1409,1943,1916,1763,1765,1443,1315,1148,1070,900,823,867,681,679,781,718,552,506,754
CPA08-18,Printing and recording services,Heavy fuel oil,0,0,0,0,0,0,0,121,138,0,0,0,0,985,1,0,0,0,0,0,0,0,0,0,0,0
CPA08-18,Printing and recording services,Other mineral oil products,17,16,23,18,9,14,19,10,89,42,86,129,56,62,40,47,42,8,8,6,7,8,7,7,6,14
CPA08-18,Printing and recording services,Gases,5772,6326,6885,7522,8613,10314,11228,11623,9777,12037,11656,9136,9193,6846,7229,6866,5786,6640,6778,7305,6299,7120,7169,6564,6397,5744
CPA08-18,Printing and recording services,Renewable energies,2,2,3,4,5,10,13,18,25,96,174,144,1703,1849,1087,2779,936,1108,106,170,407,512,214,267,264,130
CPA08-18,Printing and recording services,Electricity and other energy sources,10563,10539,10518,10999,11193,14630,14365,13900,12176,19080,18685,20340,14379,11897,11977,11610,10774,13634,10941,10137,9961,10414,10711,10398,8621,7998
CPA08-19,Coke and refined petroleum products,Hard coal and hard coal products,430838,416010,411092,378047,328473,353097,274964,257935,287697,318204,311109,314873,316369,308220,254380,318463,318699,316474,311895,326221,331760,359339,356700,356700,342665,296793
CPA08-19,Coke and refined petroleum products,Brown coal (lignite) and brown coal products,5789,5425,5795,5754,5323,121626,120070,118637,118418,124628,122603,128955,126693,133725,128390,139203,154317,150598,155667,151012,149240,142498,139098,152055,133191,116440
CPA08-19,Coke and refined petroleum products,Crude oil,4399992,4458886,4330314,4630846,4535289,4568702,4544940,4566418,4666937,4800303,4919545,4798952,4684434,4611719,4293945,4052556,3978529,4041554,3940328,3881169,3978960,4007008,3961933,3731743,3710129,3575595
CPA08-19,Coke and refined petroleum products,Petrol,174026,177494,171479,174342,163000,147950,132082,128551,125301,122722,135190,125708,131608,118161,78041,69210,79893,59974,53616,52567,53123,52001,61453,194828,216587,202204
CPA08-19,Coke and refined petroleum products,Diesel fuels,1310,1288,2576,1965,2428,2157,3233,2153,2393,3063,2620,2585,2110,2333,2148,2232,5288,2928,3463,805,837,1525,3968,2969,8937,8656
CPA08-19,Coke and refined petroleum products,Aviation turbine fuel,0,0,0,0,98,158,90,177,159,232,454,220,0,12,0,1,110,4,0,119,225,994,1954,1931,2050,1863
CPA08-19,Coke and refined petroleum products,Heating oil,36188,30575,20360,35046,47699,54927,43006,37960,33903,54544,59055,57654,74088,60884,57030,46308,44637,49667,49332,42664,46539,54555,69203,61703,78587,68725
CPA08-19,Coke and refined petroleum products,Heavy fuel oil,213075,232635,216938,163598,132109,147670,128818,127927,142913,117695,114370,125124,109090,104226,99996,85591,68739,69309,61884,49778,62618,85508,135645,119669,114697,83635
CPA08-19,Coke and refined petroleum products,Other mineral oil products,504930,495569,478076,511535,510941,615423,569614,569913,589136,640111,663115,660568,659777,613443,573406,622629,634746,614131,613959,616897,623063,637344,630608,661324,711410,675697
CPA08-19,Coke and refined petroleum products,Gases,79047,74639,58440,56763,56949,63111,58658,71849,33823,35841,39886,34706,39770,44525,49002,51973,55392,58555,65374,71248,71829,73924,73128,77446,73520,88337
CPA08-19,Coke and refined petroleum products,Renewable energies,1,2,4,4,5,15,19,26,805,3459,130,2632,2021,1429,4625,5153,2782,2060,7799,7384,8327,8381,6580,2072,1042,1351
CPA08-19,Coke and refined petroleum products,Electricity and other energy sources,25045,24818,24056,24982,24278,30381,30042,28481,27281,27519,28738,28549,30588,27499,31577,25342,29289,30159,33538,29153,26644,27343,26809,28035,27166,27552
CPA08-20,Chemicals and chemical products,Hard coal and hard coal products,62560,80639,80197,32877,37232,30995,38898,51748,21069,9700,3916,17499,8178,8164,12327,18200,25378,12082,7544,12151,27966,22747,22513,9650,10929,17494
CPA08-20,Chemicals and chemical products,Brown coal (lignite) and brown coal products,23555,21566,13051,13040,10841,9907,8479,7358,10669,10994,10263,14829,16203,17762,22265,22005,23400,21435,19920,17242,17507,20859,19799,18811,17295,15955
CPA08-20,Chemicals and chemical products,Crude oil,0,0,0,0,0,0,0,0,0,0,0,0,0,0,0,0,0,0,0,0,0,0,0,0,0,0
CPA08-20,Chemicals and chemical products,Petrol,2695,2250,2025,2131,2031,1865,1630,1296,1144,1070,994,883,747,669,620,641,637,632,644,182,173,170,187,191,214,199
CPA08-20,Chemicals and chemical products,Diesel fuels,3714,3654,3806,3892,4150,4366,4700,3843,3836,3969,4075,4015,3861,3970,3998,4234,4251,4520,4657,2848,2877,2825,2969,2694,2670,2253
CPA08-20,Chemicals and chemical products,Aviation turbine fuel,0,0,0,0,0,0,0,0,0,0,0,0,0,0,0,0,0,0,0,0,0,0,0,0,0,0
CPA08-20,Chemicals and chemical products,Heating oil,24159,27702,27363,28886,28609,29073,31218,34670,36164,34171,42051,37353,44461,43853,28934,40714,57185,37925,29509,22585,11893,27180,27109,30787,24396,49050
CPA08-20,Chemicals and chemical products,Heavy fuel oil,119330,111793,105511,112444,109149,166748,170993,177565,169684,153061,160661,160251,162346,166792,166095,164165,162168,167095,139377,137921,156906,85586,83788,80018,72931,56956
CPA08-20,Chemicals and chemical products,Other mineral oil products,556337,544431,602039,636923,620107,614256,588917,577365,585957,628354,619318,590462,565655,562958,524284,569181,532826,545479,573918,586626,548910,540260,670331,502471,486603,511172
CPA08-20,Chemicals and chemical products,Gases,277002,269863,277533,263104,275593,285828,268149,291951,262945,286365,318088,276332,291441,288761,261566,309115,310958,305835,321766,321541,310414,338365,360684,352608,352092,357913
CPA08-20,Chemicals and chemical products,Renewable energies,5,7,12,14,19,12694,17176,20988,42909,68331,95380,158661,196673,179037,163697,185594,192937,47085,27423,36962,34550,38689,39513,33047,32539,27010
CPA08-20,Chemicals and chemical products,Electricity and other energy sources,179639,178485,186626,179612,178892,169734,166286,174909,174985,175931,186956,203970,227924,195736,183725,205710,217134,229950,227983,237971,239167,238085,241753,252507,241819,230780
CPA08-21,Basic pharmaceutical prod.and pharmac.preparations,Hard coal and hard coal products,2550,2240,1943,1846,1645,1636,2117,1866,2287,1001,172,140,629,993,626,1988,1144,1052,895,1716,4343,3410,3393,1141,0,0
CPA08-21,Basic pharmaceutical prod.and pharmac.preparations,Brown coal (lignite) and brown coal products,1372,1366,1093,0,0,39,39,0,175,301,278,316,2787,2782,2892,3252,3279,3283,3266,3675,3123,3536,2915,3057,3060,2908
CPA08-21,Basic pharmaceutical prod.and pharmac.preparations,Crude oil,0,0,0,0,0,0,0,0,0,0,0,0,0,0,0,0,0,0,0,0,0,0,0,0,0,0
CPA08-21,Basic pharmaceutical prod.and pharmac.preparations,Petrol,599,500,450,473,451,414,362,328,299,256,241,220,197,176,161,164,155,167,174,50,45,46,37,54,58,54
CPA08-21,Basic pharmaceutical prod.and pharmac.preparations,Diesel fuels,913,906,923,932,961,985,1022,972,1003,951,946,962,1012,1021,1157,1075,1031,1174,1254,782,750,769,581,758,725,610
CPA08-21,Basic pharmaceutical prod.and pharmac.preparations,Aviation turbine fuel,0,0,0,0,0,0,0,0,0,0,0,0,0,0,0,0,0,0,0,0,0,0,0,0,0,0
CPA08-21,Basic pharmaceutical prod.and pharmac.preparations,Heating oil,2094,1581,1367,1495,1026,984,940,941,3426,4372,3495,3821,2963,2782,2830,2869,2505,2324,2575,1885,1737,1830,291,268,295,299
CPA08-21,Basic pharmaceutical prod.and pharmac.preparations,Heavy fuel oil,1176,1135,1106,1024,1596,1917,1374,930,7075,7403,7638,7377,7246,7650,6455,5643,6470,6450,6302,4291,377,408,0,0,0,0
CPA08-21,Basic pharmaceutical prod.and pharmac.preparations,Other mineral oil products,18205,17780,17339,16351,15855,17452,17630,16288,2278,2272,8663,8777,2152,2147,984,1925,3508,3657,2766,2990,2724,2754,2427,1460,947,866
CPA08-21,Basic pharmaceutical prod.and pharmac.preparations,Gases,6962,9875,10796,24376,22792,21092,22439,10292,10415,8808,8112,12596,9241,8761,8342,8877,8364,8269,11171,9012,9629,9939,8938,7960,7799,8393
CPA08-21,Basic pharmaceutical prod.and pharmac.preparations,Renewable energies,1,1,1,2,2,5,7,18,1721,1227,2019,4068,3258,3741,4010,4745,2001,1680,1666,1657,2253,8150,1947,1669,1425,1247
CPA08-21,Basic pharmaceutical prod.and pharmac.preparations,Electricity and other energy sources,4533,5000,5608,13189,12610,11124,10720,5472,38649,36048,39364,40552,41116,43770,51802,43407,46580,43816,46073,39140,39928,47761,42709,42714,41195,39611
CPA08-22,Rubber and plastics products,Hard coal and hard coal products,859,691,503,780,491,0,0,0,32,32,32,30,0,0,0,0,0,0,0,2,0,0,0,0,0,0
CPA08-22,Rubber and plastics products,Brown coal (lignite) and brown coal products,290,188,136,157,135,108,42,44,167,0,88,353,287,397,353,374,371,263,352,420,110,0,66,0,0,0
CPA08-22,Rubber and plastics products,Crude oil,0,0,0,0,0,0,0,0,0,0,0,0,0,0,0,0,0,0,0,0,0,0,0,0,0,0
CPA08-22,Rubber and plastics products,Petrol,1416,1166,1052,1132,1082,931,789,710,618,572,540,492,400,358,338,349,349,353,357,249,228,218,224,235,248,225
CPA08-22,Rubber and plastics products,Diesel fuels,1894,1846,1926,1999,2130,2128,2249,2105,2072,2128,2100,2135,2067,2317,2176,2301,2323,2474,2565,3774,3809,3766,3826,3788,3660,3210
CPA08-22,Rubber and plastics products,Aviation turbine fuel,0,0,0,0,0,0,0,0,0,0,0,0,0,0,0,0,0,0,0,0,0,0,0,0,0,0
CPA08-22,Rubber and plastics products,Heating oil,7040,7669,6603,6248,6104,5165,5230,4954,5577,5406,5422,4692,4210,4187,4117,7597,3941,3529,3348,2592,2466,2529,2308,2107,1987,1845
CPA08-22,Rubber and plastics products,Heavy fuel oil,1372,1597,1338,1276,1349,878,874,860,881,324,314,347,315,484,347,342,233,110,111,79,93,71,94,29,25,1
CPA08-22,Rubber and plastics products,Other mineral oil products,230,276,276,184,94,740,758,635,734,850,1002,789,972,1917,1687,2122,829,1289,1003,711,774,888,868,986,1024,714
CPA08-22,Rubber and plastics products,Gases,23102,22702,21769,22272,22562,23520,22412,20810,22274,22112,21618,23514,21650,22669,20483,23407,22737,21875,23419,23294,24174,24945,25617,23539,23109,22367
CPA08-22,Rubber and plastics products,Renewable energies,2,3,6,7,9,22,31,38,1285,1626,2733,845,878,1550,1715,844,542,972,609,809,2011,1520,1007,1140,1494,1096
CPA08-22,Rubber and plastics products,Electricity and other energy sources,42036,41662,41377,44713,46188,48659,48268,47853,53610,57444,54726,58439,59982,60089,55364,61051,60676,60767,60366,59651,59727,61037,60698,60115,58121,54071
CPA08-23,Other non-metallic mineral products,Hard coal and hard coal products,51148,53049,57109,48689,44299,48245,36056,30528,33439,23769,13620,17632,23146,22811,17857,16446,17593,16779,14021,15454,15482,14572,14265,13788,13604,11740
CPA08-23,Other non-metallic mineral products,Brown coal (lignite) and brown coal products,42726,39876,42657,40502,39626,38595,35625,35053,36882,43563,41070,39531,43304,43882,38060,42374,49014,45200,41572,42386,41234,41771,44716,41289,40229,56990
CPA08-23,Other non-metallic mineral products,Crude oil,0,0,0,0,0,0,0,0,0,0,0,0,0,0,0,0,0,0,0,0,0,0,0,0,0,0
CPA08-23,Other non-metallic mineral products,Petrol,1328,1055,892,917,899,731,581,491,407,367,329,300,245,220,206,211,217,212,216,156,132,128,131,141,153,139
CPA08-23,Other non-metallic mineral products,Diesel fuels,1767,1686,1689,1693,1834,1768,1768,1561,1458,1455,1480,1465,1417,1428,1376,1417,1473,1507,1565,2485,2256,2323,2286,2340,2305,2022
CPA08-23,Other non-metallic mineral products,Aviation turbine fuel,0,0,0,0,0,0,0,0,0,0,0,0,0,0,0,0,0,0,0,0,0,0,0,0,0,0
CPA08-23,Other non-metallic mineral products,Heating oil,18106,15013,13250,12019,12056,9768,7913,7381,7518,7434,8908,7863,11243,9875,13292,12340,7789,5985,5288,3435,3412,3424,3401,3284,3136,2990
CPA08-23,Other non-metallic mineral products,Heavy fuel oil,32582,33142,29371,28131,30454,20029,20757,17886,14020,12703,11370,13906,12892,11110,9520,7898,7076,3925,2907,2648,3409,3714,2990,2692,2312,11710
CPA08-23,Other non-metallic mineral products,Other mineral oil products,25806,24025,24677,24538,25215,21011,20148,20514,19886,15954,11781,8015,14726,12754,11338,10090,9521,10262,10970,11121,10843,11305,11639,11335,11135,9869
CPA08-23,Other non-metallic mineral products,Gases,112387,113194,114571,121220,119415,120633,110862,105813,108070,113146,86615,102218,106247,104976,94561,102018,104485,102841,103745,104761,104107,105191,106427,107181,105189,103556
CPA08-23,Other non-metallic mineral products,Renewable energies,292,281,284,401,399,407,403,418,21691,27379,33238,35212,45465,42267,43168,41451,47068,47465,51844,52600,52078,48989,55249,59139,60907,60535
CPA08-23,Other non-metallic mineral products,Electricity and other energy sources,50305,50206,49831,50056,50372,50070,47723,45825,46751,48123,46190,47318,51967,47057,42896,45600,48019,45903,45605,45142,45840,45972,47227,50598,46213,45494
CPA08-24-01,Basic metals,Hard coal and hard coal products,436006,413803,433702,434762,413502,474029,441348,440968,446650,435466,427453,461456,470610,434960,335184,430961,458015,449505,461500,461452,473554,473866,471707,474600,448922,322408
CPA08-24-01,Basic metals,Brown coal (lignite) and brown coal products,1273,1095,1495,1537,1577,481,570,388,779,1298,1958,967,779,856,438,385,1393,3799,6582,5590,6266,6275,7352,8713,7864,4667
CPA08-24-01,Basic metals,Crude oil,0,0,0,0,0,0,0,0,0,0,0,0,0,0,0,0,0,0,0,0,0,0,0,0,0,0
CPA08-24-01,Basic metals,Petrol,1623,1264,1185,1331,1142,1071,919,814,697,730,741,748,666,597,486,506,565,556,513,153,144,131,145,162,178,164
CPA08-24-01,Basic metals,Diesel fuels,2164,2048,2197,2336,2350,2466,2619,2421,2342,2717,2929,3255,3439,3447,3170,3361,3774,3901,3666,2517,2600,2431,2608,2668,2628,2277
CPA08-24-01,Basic metals,Aviation turbine fuel,0,0,0,0,0,0,0,0,0,0,0,0,0,0,0,0,0,0,0,0,0,0,0,0,0,0
CPA08-24-01,Basic metals,Heating oil,6041,6604,6170,5751,4990,5067,4148,3686,4323,3594,3368,3184,2793,2868,2404,2717,2134,1977,2359,1539,4112,1680,1635,1060,801,949
CPA08-24-01,Basic metals,Heavy fuel oil,62128,56480,59351,58398,47950,37324,41965,43213,38120,36232,25654,25520,24302,16558,8194,5588,4777,945,655,1017,1254,1083,1019,657,719,969
CPA08-24-01,Basic metals,Other mineral oil products,4764,5818,5728,5339,4253,4875,5066,4087,6008,9010,7308,8583,3060,8106,8770,13278,12992,11284,9306,1505,2466,11822,12227,1739,3340,2797
CPA08-24-01,Basic metals,Gases,238990,231133,251215,249181,244744,250173,240059,229744,248436,258476,229161,251505,238538,249421,182548,232548,231803,219472,210453,205828,218527,207219,209619,222288,210435,201590
CPA08-24-01,Basic metals,Renewable energies,3,4,7,8,11,26,36,44,36885,35194,697,2270,789,666,632,693,706,554,478,631,483,417,693,447,445,1219
CPA08-24-01,Basic metals,Electricity and other energy sources,143406,139826,147578,148856,147358,154054,153796,155202,157585,163797,164611,163879,161542,164061,122062,148348,151399,171111,143678,146251,154248,158164,157504,154686,145080,136041
CPA08-25,"Fabricated metal prod.,except machinery and equip.",Hard coal and hard coal products,816,713,729,571,646,640,562,508,301,270,334,547,666,797,849,298,297,267,290,270,171,173,1,1,1,1
CPA08-25,"Fabricated metal prod.,except machinery and equip.",Brown coal (lignite) and brown coal products,365,195,230,89,59,49,33,40,8,1,1,2,3,0,0,0,0,0,0,0,0,0,0,0,0,0
CPA08-25,"Fabricated metal prod.,except machinery and equip.",Crude oil,0,0,0,0,0,0,0,0,0,0,0,0,0,0,0,0,0,0,0,0,0,0,0,0,0,0
CPA08-25,"Fabricated metal prod.,except machinery and equip.",Petrol,2497,2050,1771,1977,1944,1673,1416,1197,1085,988,942,868,765,687,583,602,828,621,627,193,181,187,191,211,235,217
CPA08-25,"Fabricated metal prod.,except machinery and equip.",Diesel fuels,3498,3418,3485,3699,4059,4114,4286,4022,4185,4244,4185,4284,4434,4489,3746,3969,5621,4342,4495,3180,3279,3468,3454,3460,3466,3016
CPA08-25,"Fabricated metal prod.,except machinery and equip.",Aviation turbine fuel,0,0,0,0,0,0,0,0,0,0,0,0,0,0,0,0,0,0,0,0,0,0,0,0,0,0
CPA08-25,"Fabricated metal prod.,except machinery and equip.",Heating oil,18990,20617,17801,17811,15769,13640,15241,11906,9749,11261,9749,9375,7996,8776,16244,8816,6909,6756,6938,5133,6026,6229,6034,5187,4892,5365
CPA08-25,"Fabricated metal prod.,except machinery and equip.",Heavy fuel oil,284,284,246,205,164,188,174,1157,1147,938,73,48,1,1,3,3,2,19,21,7,7,7,0,0,1,0
CPA08-25,"Fabricated metal prod.,except machinery and equip.",Other mineral oil products,1245,1298,1296,1183,1097,977,1088,1012,1118,1925,2025,3132,4938,2832,2171,2981,2624,2203,2388,1812,1825,2013,1669,1790,1611,1327
CPA08-25,"Fabricated metal prod.,except machinery and equip.",Gases,31294,32324,31534,33454,33636,33900,33279,31737,34027,36916,35995,42315,36204,38522,34173,35221,37492,36670,38085,39579,35672,41108,40646,34598,33594,32017
CPA08-25,"Fabricated metal prod.,except machinery and equip.",Renewable energies,4,6,11,13,17,41,56,77,188,235,418,667,827,1526,1212,1613,1105,1169,1373,1356,1475,1530,1305,1650,1075,1071
CPA08-25,"Fabricated metal prod.,except machinery and equip.",Electricity and other energy sources,34199,33011,34167,36873,37138,38585,39938,38355,60996,53239,52546,47204,48638,50782,43680,52767,56810,56592,60526,62185,51290,52038,52869,52982,51453,45476
CPA08-26,"Computer, electronic and optical products",Hard coal and hard coal products,135,76,77,66,9,14,14,56,30,0,27,53,141,0,0,0,0,0,0,0,0,0,0,0,0,0
CPA08-26,"Computer, electronic and optical products",Brown coal (lignite) and brown coal products,389,133,90,72,27,7,39,21,4,0,1,1,1,0,0,0,0,0,0,0,0,0,0,0,34,33
CPA08-26,"Computer, electronic and optical products",Crude oil,0,0,0,0,0,0,0,0,0,0,0,0,0,0,0,0,0,0,0,0,0,0,0,0,0,0
CPA08-26,"Computer, electronic and optical products",Petrol,1160,990,917,1011,1021,1022,851,744,683,562,526,497,464,413,475,491,491,472,477,212,218,216,214,235,264,240
CPA08-26,"Computer, electronic and optical products",Diesel fuels,1056,1038,1200,1352,1718,2222,2382,2284,2412,2216,2228,2377,2556,2573,3127,3305,3348,3372,3488,3218,3648,3728,3665,3799,3900,3422
CPA08-26,"Computer, electronic and optical products",Aviation turbine fuel,0,0,0,0,0,0,0,0,0,0,0,0,0,0,0,0,0,0,0,0,0,0,0,0,0,0
CPA08-26,"Computer, electronic and optical products",Heating oil,7777,7829,6013,6099,5217,4339,5199,4288,3213,2983,2671,2761,2090,1571,1538,1392,1056,1213,1349,966,794,873,849,705,678,881
CPA08-26,"Computer, electronic and optical products",Heavy fuel oil,41,41,41,0,0,0,0,40,1,0,0,0,0,0,0,0,0,0,0,0,0,0,0,0,0,0
CPA08-26,"Computer, electronic and optical products",Other mineral oil products,41,40,-21,-47,-55,4,20,5,13,13,14,15,16,32,25,142,116,141,24,16,17,16,16,16,16,15
CPA08-26,"Computer, electronic and optical products",Gases,8780,9709,9063,8729,8447,7062,9411,7632,6292,5692,4950,4720,9277,9052,5188,4479,6195,6394,7342,6330,6653,8133,8451,7804,5923,7539
CPA08-26,"Computer, electronic and optical products",Renewable energies,6,8,12,14,18,43,58,45,100,118,168,621,348,298,292,322,296,341,325,298,312,304,274,343,341,439
CPA08-26,"Computer, electronic and optical products",Electricity and other energy sources,20613,21250,21066,21214,21367,19249,19308,18809,19345,19222,18375,18743,24596,23813,15059,16886,20414,20166,18723,18230,18555,17802,18235,18037,17833,18232
CPA08-27,Electrical equipment,Hard coal and hard coal products,2174,656,573,613,512,552,792,677,41,31,356,1673,469,544,315,174,251,251,115,157,57,58,30,26,24,23
CPA08-27,Electrical equipment,Brown coal (lignite) and brown coal products,645,266,192,90,101,81,52,66,1,0,0,146,86,121,70,83,141,120,66,30,23,0,0,68,0,0
CPA08-27,Electrical equipment,Crude oil,0,0,0,0,0,0,0,0,0,0,0,0,0,0,0,0,0,0,0,0,0,0,0,0,0,0
CPA08-27,Electrical equipment,Petrol,1718,1431,1278,1429,1447,1208,1106,1183,1002,945,897,841,639,574,458,473,476,469,436,139,128,129,131,144,162,150
CPA08-27,Electrical equipment,Diesel fuels,2564,2505,2574,2745,3082,3022,3461,3842,3757,3897,3757,3865,3503,3539,2947,3115,3175,3278,3106,2292,2316,2392,2353,2352,2385,2133
CPA08-27,Electrical equipment,Aviation turbine fuel,0,0,0,0,0,0,0,0,0,0,0,0,0,0,0,0,0,0,0,0,0,0,0,0,0,0
CPA08-27,Electrical equipment,Heating oil,7096,7112,5036,5227,4189,3711,3823,5600,3515,3118,2977,2730,2477,2219,2079,3036,1740,1841,1624,1247,1224,1224,1203,1111,1051,1250
CPA08-27,Electrical equipment,Heavy fuel oil,284,203,164,205,164,122,121,81,52,53,54,46,189,52,54,0,0,0,0,0,0,0,0,0,1,0
CPA08-27,Electrical equipment,Other mineral oil products,189,195,134,115,73,43,54,14,2815,101,28,29,56,253,72,121,147,104,77,50,45,55,110,69,64,65
CPA08-27,Electrical equipment,Gases,6740,5340,3725,4254,3455,2415,1372,1555,14332,10848,10197,9659,9720,8691,9147,10086,10152,9581,10569,10729,8578,10043,9514,8820,8932,7636
CPA08-27,Electrical equipment,Renewable energies,8,9,15,17,22,50,70,72,128,158,232,438,438,329,233,246,238,260,213,186,174,197,222,265,253,284
CPA08-27,Electrical equipment,Electricity and other energy sources,24690,24207,23944,24368,23523,23497,23328,22620,23530,23510,22818,23858,25805,22320,19295,22332,24483,24391,23959,28904,18530,18477,18646,18672,17759,16899
CPA08-28,Machinery and equipment n.e.c.,Hard coal and hard coal products,1474,1009,1010,629,555,536,490,252,169,172,224,160,244,115,115,86,86,86,115,107,110,112,1808,395,429,480
CPA08-28,Machinery and equipment n.e.c.,Brown coal (lignite) and brown coal products,1290,1074,464,236,63,49,29,18,4,0,1,90,68,66,72,99,44,0,0,30,0,0,44,44,44,44
CPA08-28,Machinery and equipment n.e.c.,Crude oil,0,0,0,0,0,0,0,0,0,0,0,0,0,0,0,0,0,0,0,0,0,0,0,0,0,0
CPA08-28,Machinery and equipment n.e.c.,Petrol,3530,3014,2639,2945,2791,2428,2153,2028,1775,1672,1648,1522,1336,1200,997,1026,1072,1110,1102,347,330,335,352,386,438,405
CPA08-28,Machinery and equipment n.e.c.,Diesel fuels,4984,4970,5092,5400,5756,5810,6278,6478,6226,6410,7133,7019,7581,7710,6654,7094,7442,7984,8107,5983,6053,6278,6430,6429,6588,5714
CPA08-28,Machinery and equipment n.e.c.,Aviation turbine fuel,0,0,0,0,0,0,0,0,0,0,0,0,0,0,0,0,0,0,0,0,0,0,0,0,0,0
CPA08-28,Machinery and equipment n.e.c.,Heating oil,18451,20389,15303,14447,13126,11716,12335,11225,10307,9236,9752,9047,10420,10964,9476,11153,9490,9065,8185,6489,3993,4181,4238,3721,3551,3598
CPA08-28,Machinery and equipment n.e.c.,Heavy fuel oil,447,856,711,594,654,639,872,552,573,370,189,153,135,81,80,55,44,44,71,36,12,46,34,33,35,19
CPA08-28,Machinery and equipment n.e.c.,Other mineral oil products,2762,2948,2487,2349,2064,1820,2004,1401,1995,533,507,1836,453,473,1882,519,714,582,444,513,676,390,435,455,425,453
CPA08-28,Machinery and equipment n.e.c.,Gases,29131,30032,28122,26064,25016,24193,24852,23916,29572,29851,29900,30597,30227,27730,23526,26592,23667,25404,25978,22767,23819,24596,25037,24603,24471,23069
CPA08-28,Machinery and equipment n.e.c.,Renewable energies,7,9,17,20,26,62,86,118,228,276,548,889,968,831,734,849,929,957,929,828,796,754,833,1334,1609,2312
CPA08-28,Machinery and equipment n.e.c.,Electricity and other energy sources,39999,39407,38468,38988,38607,37765,37741,36201,39710,40251,40184,41720,43978,48838,40227,44063,45440,46277,44128,44113,43044,42412,43455,43497,41813,37328
CPA08-29,"Motor vehicles, trailers and semi-trailers",Hard coal and hard coal products,1548,1942,1048,693,727,723,667,738,1062,1146,1091,1148,1359,1089,860,688,659,487,259,8,104,6419,6253,6227,8079,7334
CPA08-29,"Motor vehicles, trailers and semi-trailers",Brown coal (lignite) and brown coal products,1654,673,207,17,7,3,3,2,0,110,0,0,0,0,0,0,0,0,0,0,0,0,0,0,0,0
CPA08-29,"Motor vehicles, trailers and semi-trailers",Crude oil,0,0,0,0,0,0,0,0,0,0,0,0,0,0,0,0,0,0,0,0,0,0,0,0,0,0
CPA08-29,"Motor vehicles, trailers and semi-trailers",Petrol,3886,3499,3323,4015,4164,3661,3369,3042,2678,2488,2396,2148,1818,1631,1652,1712,1804,1865,1818,2705,2778,2965,3225,3477,3362,2587
CPA08-29,"Motor vehicles, trailers and semi-trailers",Diesel fuels,6203,6366,6816,7568,8486,8637,9596,9173,9127,9392,9412,9406,9439,9508,11913,12541,12200,13241,13234,8160,8216,8170,7699,7391,9116,8775
CPA08-29,"Motor vehicles, trailers and semi-trailers",Aviation turbine fuel,0,0,0,0,0,0,0,0,0,0,0,0,0,0,0,0,0,0,0,0,0,0,0,0,0,0
CPA08-29,"Motor vehicles, trailers and semi-trailers",Heating oil,4672,6497,3867,4100,3802,3755,3405,3497,3314,3241,2855,2928,2710,2545,2165,2232,1757,1894,1887,1375,1421,1413,1358,1340,1213,1212
CPA08-29,"Motor vehicles, trailers and semi-trailers",Heavy fuel oil,656,651,248,162,29,48,39,37,216,130,116,124,104,113,77,0,0,0,0,0,0,0,5,0,0,214
CPA08-29,"Motor vehicles, trailers and semi-trailers",Other mineral oil products,5815,5654,5580,5492,5256,5314,5213,4777,4282,4120,3435,4417,4910,4481,3495,3987,4119,4171,4268,4279,4068,4052,3784,2512,2616,2411
CPA08-29,"Motor vehicles, trailers and semi-trailers",Gases,30215,32936,34775,33877,33475,31689,33298,32811,35976,37311,36542,33715,34761,34050,27639,33099,34122,32938,35938,31856,34179,34136,36644,34431,33137,32037
CPA08-29,"Motor vehicles, trailers and semi-trailers",Renewable energies,10,13,24,29,39,94,132,164,350,523,1075,1313,1268,970,1055,1286,1123,1388,1113,864,843,837,805,824,1013,1162
CPA08-29,"Motor vehicles, trailers and semi-trailers",Electricity and other energy sources,58678,56190,57825,61925,62388,58290,60613,61742,71911,74996,73848,73492,73657,70050,59636,68192,67224,72159,73505,70735,68128,67906,65570,65040,62168,52695
CPA08-30,Other transport equipment,Hard coal and hard coal products,316,180,91,0,1,1,1,1,0,0,0,1,1,0,0,0,0,0,0,1,0,0,0,0,0,0
CPA08-30,Other transport equipment,Brown coal (lignite) and brown coal products,787,417,3,2,0,0,0,0,0,0,0,0,0,0,0,0,0,0,0,0,0,0,0,0,0,0
CPA08-30,Other transport equipment,Crude oil,0,0,0,0,0,0,0,0,0,0,0,0,0,0,0,0,0,0,0,0,0,0,0,0,0,0
CPA08-30,Other transport equipment,Petrol,507,489,464,508,541,466,446,377,331,286,300,266,227,203,328,338,331,344,355,330,336,348,432,450,500,385
CPA08-30,Other transport equipment,Diesel fuels,834,888,952,998,1135,1136,1293,1204,1172,1128,1275,1265,1276,1289,2172,2296,2288,2488,2633,992,991,959,1025,954,1351,1276
CPA08-30,Other transport equipment,Aviation turbine fuel,0,0,0,0,0,0,0,0,0,0,0,0,0,0,0,0,0,0,0,0,0,0,0,0,0,0
CPA08-30,Other transport equipment,Heating oil,2179,2308,2051,1282,983,898,977,1009,768,743,675,2776,640,356,307,1672,342,361,397,298,298,320,310,285,239,260
CPA08-30,Other transport equipment,Heavy fuel oil,81,122,205,41,41,0,0,40,4,0,0,0,0,0,0,0,0,0,0,0,0,0,0,0,0,214
CPA08-30,Other transport equipment,Other mineral oil products,142,146,126,116,133,95,106,68,22,19,20,20,19,9,15,16,18,15,16,7,7,7,1,8,8,2
CPA08-30,Other transport equipment,Gases,8078,9248,8320,7088,7135,7124,7098,7202,6480,6453,6199,5302,4847,4284,4528,5312,4858,5096,5540,4230,4156,4387,4226,4599,4277,4214
CPA08-30,Other transport equipment,Renewable energies,1,2,3,4,5,12,17,23,34,41,74,134,145,111,163,174,164,183,190,100,95,89,88,95,242,692
CPA08-30,Other transport equipment,Electricity and other energy sources,7179,6873,6825,6811,7040,6679,6868,6847,11798,11658,11749,6881,6677,5605,5335,5673,5751,5832,5736,5711,5853,4580,5426,6362,6045,5412
CPA08-31-01,Furniture and other manufactured goods,Hard coal and hard coal products,91,69,104,44,48,64,62,33,18,0,16,31,80,0,0,0,0,0,0,0,0,0,0,0,0,0
CPA08-31-01,Furniture and other manufactured goods,Brown coal (lignite) and brown coal products,319,143,182,66,35,33,37,13,3,0,0,1,1,0,0,0,0,0,0,0,0,0,0,0,0,0
CPA08-31-01,Furniture and other manufactured goods,Crude oil,0,0,0,0,0,0,0,0,0,0,0,0,0,0,0,0,0,0,0,0,0,0,0,0,0,0
CPA08-31-01,Furniture and other manufactured goods,Petrol,943,783,693,791,771,615,516,427,356,316,292,265,206,186,196,202,197,203,194,167,155,151,156,166,176,160
CPA08-31-01,Furniture and other manufactured goods,Diesel fuels,1224,1200,1236,1322,1437,1414,1468,1311,1226,1206,1219,1203,1129,1150,1279,1357,1300,1452,1418,2572,2642,2650,2677,2696,2597,2278
CPA08-31-01,Furniture and other manufactured goods,Aviation turbine fuel,0,0,0,0,0,0,0,0,0,0,0,0,0,0,0,0,0,0,0,0,0,0,0,0,0,0
CPA08-31-01,Furniture and other manufactured goods,Heating oil,5260,4858,4238,3724,3566,3756,5932,4770,3717,2969,2863,2797,3890,6222,3040,3231,2751,2720,3036,2295,2296,2612,2709,1428,1962,1925
CPA08-31-01,Furniture and other manufactured goods,Heavy fuel oil,690,689,696,696,696,163,202,81,54,32,48,37,18,19,1,0,0,0,0,0,0,0,0,0,0,0
CPA08-31-01,Furniture and other manufactured goods,Other mineral oil products,17,15,29,36,38,37,36,37,130,238,165,2031,294,809,2927,365,675,415,362,196,82,73,55,62,71,47
CPA08-31-01,Furniture and other manufactured goods,Gases,3856,3992,3931,3845,3773,4824,5983,5845,5168,3069,5588,5574,5393,6091,6452,7637,7404,7546,6893,3916,7003,4168,4122,3230,4967,5435
CPA08-31-01,Furniture and other manufactured goods,Renewable energies,3,3,5,5,7,15,21,24,2974,4657,4212,4668,8623,7130,4191,4215,4733,5644,9832,6406,8578,6713,9936,9628,11041,7387
CPA08-31-01,Furniture and other manufactured goods,Electricity and other energy sources,9071,8841,8215,7976,7955,6118,6583,5774,11356,9677,11623,13245,12287,12323,11872,12008,12434,11793,11969,11171,11917,11698,11619,11416,11918,8255
CPA08-33,"Repair, install. services of machinery and equip.",Hard coal and hard coal products,1,0,0,0,0,0,1,0,0,0,0,2,0,0,4,6,0,0,12,0,4,5,0,0,33,0
CPA08-33,"Repair, install. services of machinery and equip.",Brown coal (lignite) and brown coal products,1,1,1,0,0,0,0,0,0,0,0,0,0,0,0,0,0,0,0,0,0,0,0,0,0,0
CPA08-33,"Repair, install. services of machinery and equip.",Crude oil,0,0,0,0,0,0,0,0,0,0,0,0,0,0,0,0,0,0,0,0,0,0,0,0,0,0
CPA08-33,"Repair, install. services of machinery and equip.",Petrol,925,771,688,769,779,651,596,522,456,422,405,369,309,277,223,228,234,230,228,136,116,116,121,122,143,130
CPA08-33,"Repair, install. services of machinery and equip.",Diesel fuels,1383,1353,1393,1486,1670,1653,1900,1552,1532,1572,1561,1588,1579,1589,1414,1493,1560,1608,1627,2056,1940,1992,2072,1968,2113,1849
CPA08-33,"Repair, install. services of machinery and equip.",Aviation turbine fuel,0,0,0,0,0,0,0,0,0,0,0,0,0,0,0,0,0,0,0,0,0,0,0,0,0,0
CPA08-33,"Repair, install. services of machinery and equip.",Heating oil,0,0,0,0,0,0,0,0,26,415,54,207,147,813,940,763,598,636,611,583,567,555,562,510,464,545
CPA08-33,"Repair, install. services of machinery and equip.",Heavy fuel oil,0,0,0,0,0,0,0,0,0,1,0,0,0,4,4,4,0,0,0,0,0,0,0,0,0,0
CPA08-33,"Repair, install. services of machinery and equip.",Other mineral oil products,2095,2119,2047,2398,2064,2239,2206,2284,2186,2200,2687,2781,2081,2104,954,1891,2343,2064,1688,3062,2620,2504,2352,1330,896,753
CPA08-33,"Repair, install. services of machinery and equip.",Gases,0,0,0,0,0,50,71,50,72,75,72,94,53,2475,2259,2824,2257,2800,2748,143,2310,118,117,86,1427,2411
CPA08-33,"Repair, install. services of machinery and equip.",Renewable energies,0,0,0,0,0,0,0,28,41,55,92,172,184,155,114,107,104,111,98,133,112,111,116,170,205,207
CPA08-33,"Repair, install. services of machinery and equip.",Electricity and other energy sources,0,0,0,0,0,6566,6196,7697,6061,6013,6351,7276,6779,7314,7775,8271,8887,9742,10118,9833,10999,10446,10315,9418,9644,9941
CPA08-35,"Electricity, gas, steam and air conditioning",Hard coal and hard coal products,1436235,1484347,1381107,1467480,1370123,1363567,1340616,1308314,1396788,1353020,1306392,1365764,1385142,1214801,1072795,1157284,1115395,1143695,1244709,1151643,1095005,1043248,855511,769478,558983,415251
CPA08-35,"Electricity, gas, steam and air conditioning",Brown coal (lignite) and brown coal products,1519018,1486616,1434985,1387278,1362594,1451322,1536446,1567172,1545220,1547592,1501031,1474370,1516228,1458774,1412464,1408094,1451706,1538612,1517617,1471760,1462643,1413960,1391644,1364890,1065850,866530
CPA08-35,"Electricity, gas, steam and air conditioning",Crude oil,0,0,0,0,0,0,0,0,0,0,0,0,0,0,0,0,0,0,0,0,0,0,0,0,0,0
CPA08-35,"Electricity, gas, steam and air conditioning",Petrol,747,716,683,771,772,659,610,737,735,775,651,626,592,594,728,773,633,646,547,320,326,343,342,362,406,386
CPA08-35,"Electricity, gas, steam and air conditioning",Diesel fuels,3072,3131,3297,3215,3057,2618,2603,2962,3043,3403,3653,3878,4036,4335,5314,6017,5732,6336,6824,5350,5707,6072,6378,6505,6657,6100
CPA08-35,"Electricity, gas, steam and air conditioning",Aviation turbine fuel,0,0,0,0,0,0,0,0,0,0,0,0,0,0,0,0,0,0,0,0,0,0,0,0,0,0
CPA08-35,"Electricity, gas, steam and air conditioning",Heating oil,40357,39763,33516,29420,26581,23560,26101,23115,22201,19257,20232,18269,15356,14637,15424,16679,13422,13766,14183,14697,13116,13415,12312,10385,9875,10236
CPA08-35,"Electricity, gas, steam and air conditioning",Heavy fuel oil,68472,54172,39895,37882,30954,34209,39530,34431,36708,37887,37003,31582,36882,35326,37991,36443,27524,24993,29331,26933,10011,10141,9789,10848,10889,7691
CPA08-35,"Electricity, gas, steam and air conditioning",Other mineral oil products,28232,32897,35336,31703,41615,36700,41203,43403,45021,48301,55384,49479,41269,41678,42384,29107,27263,26946,24662,27097,34809,30967,30302,30010,28892,25395
CPA08-35,"Electricity, gas, steam and air conditioning",Gases,586123,636424,634591,655030,649722,647995,669848,696582,785068,779386,858858,878794,931358,940617,833648,928938,858080,807268,751096,675505,685748,830902,868620,840447,881845,883794
CPA08-35,"Electricity, gas, steam and air conditioning",Renewable energies,152861,145946,155634,178806,197779,272161,251873,266612,343291,406441,502916,606513,744126,812233,863782,955775,1054043,953685,1011699,1076936,1169334,1190073,1289549,1280413,1351612,1386529
CPA08-35,"Electricity, gas, steam and air conditioning",Electricity and other energy sources,1849036,1935543,2027396,1932269,2020027,2021058,2036204,1960430,1989797,2014642,1974108,2021439,1726032,1811737,1653345,1723099,1357034,1275646,1230144,1226429,1171406,1089906,996361,990834,965515,842731
CPA08-36-01,"Natural water, water treatment and supply servcies",Hard coal and hard coal products,0,0,0,0,0,0,0,0,0,0,0,0,0,0,0,0,0,0,0,0,0,0,0,0,0,0
CPA08-36-01,"Natural water, water treatment and supply servcies",Brown coal (lignite) and brown coal products,0,0,0,0,0,0,0,0,0,0,0,0,0,0,0,0,0,0,0,0,0,0,0,0,0,0
CPA08-36-01,"Natural water, water treatment and supply servcies",Crude oil,0,0,0,0,0,0,0,0,0,0,0,0,0,0,0,0,0,0,0,0,0,0,0,0,0,0
CPA08-36-01,"Natural water, water treatment and supply servcies",Petrol,91,90,95,116,123,109,98,110,112,105,89,79,69,69,61,55,49,43,39,21,19,19,17,18,19,17
CPA08-36-01,"Natural water, water treatment and supply servcies",Diesel fuels,295,306,335,359,378,372,377,415,446,436,518,511,498,535,1086,1073,1003,941,990,962,984,1020,942,914,911,862
CPA08-36-01,"Natural water, water treatment and supply servcies",Aviation turbine fuel,0,0,0,0,0,0,0,0,0,0,0,0,0,0,0,0,0,0,0,0,0,0,0,0,0,0
CPA08-36-01,"Natural water, water treatment and supply servcies",Heating oil,0,0,0,0,0,0,0,0,0,0,0,0,0,0,0,0,0,0,0,45,46,28,27,20,18,24
CPA08-36-01,"Natural water, water treatment and supply servcies",Heavy fuel oil,0,0,0,0,0,0,0,0,0,0,0,0,0,0,0,0,0,0,0,0,0,0,0,0,0,0
CPA08-36-01,"Natural water, water treatment and supply servcies",Other mineral oil products,0,0,0,0,0,0,0,0,0,0,0,0,1,1,2,1,1,1,1,1,0,0,0,0,0,0
CPA08-36-01,"Natural water, water treatment and supply servcies",Gases,0,0,0,0,0,0,0,0,10,10,10,10,10,11,11,8,8,49,42,45,45,45,41,35,34,32
CPA08-36-01,"Natural water, water treatment and supply servcies",Renewable energies,0,0,0,0,1,1,2,5,8,10,18,32,33,27,75,72,62,60,58,65,58,59,55,58,58,77
CPA08-36-01,"Natural water, water treatment and supply servcies",Electricity and other energy sources,28340,28071,28058,27963,27501,28332,27477,28449,27491,27721,27253,28670,27833,28459,29929,32366,31494,31659,34190,31385,32317,33297,32273,31856,30704,29054
CPA08-37-01,"Sewage, waste disposal, material recovery services",Hard coal and hard coal products,96,70,96,104,95,646,591,445,0,0,143,435,572,14,0,0,0,0,0,0,0,0,0,0,0,0
CPA08-37-01,"Sewage, waste disposal, material recovery services",Brown coal (lignite) and brown coal products,23,12,11,4,3,3,3,0,29,0,0,0,0,0,0,0,0,0,0,0,0,0,0,0,0,0
CPA08-37-01,"Sewage, waste disposal, material recovery services",Crude oil,0,0,0,0,0,0,0,0,0,0,0,0,0,0,0,0,0,0,0,0,0,0,0,0,0,0
CPA08-37-01,"Sewage, waste disposal, material recovery services",Petrol,12156,11210,10916,11915,11423,10572,11627,4785,4109,3771,3426,3548,3115,3123,2977,2744,2624,2465,2397,190,169,161,161,168,180,164
CPA08-37-01,"Sewage, waste disposal, material recovery services",Diesel fuels,59287,59269,59967,60863,63256,61720,62551,58968,52753,53298,65574,68075,70452,73531,71048,67906,67093,63404,63471,31066,31373,31671,32360,31299,30887,29678
CPA08-37-01,"Sewage, waste disposal, material recovery services",Aviation turbine fuel,0,0,0,0,0,0,0,0,0,0,0,0,0,0,0,0,0,0,0,0,0,0,0,0,0,0
CPA08-37-01,"Sewage, waste disposal, material recovery services",Heating oil,678,671,544,503,439,408,1342,1325,1438,1678,1516,1992,1653,991,501,560,490,545,642,1541,683,568,745,612,582,793
CPA08-37-01,"Sewage, waste disposal, material recovery services",Heavy fuel oil,402,413,370,352,359,335,327,219,218,253,284,3352,1468,1110,0,165,334,323,1998,2002,0,0,0,0,0,0
CPA08-37-01,"Sewage, waste disposal, material recovery services",Other mineral oil products,12797,7986,8620,10283,7625,1,209,237,263,720,267,272,67,210,13007,1943,2970,70,4057,2782,4,4,4,3,3,2
CPA08-37-01,"Sewage, waste disposal, material recovery services",Gases,453,516,521,499,342,503,1055,1152,998,922,1045,1399,1240,633,527,546,557,534,689,865,914,984,1075,1333,1410,1370
CPA08-37-01,"Sewage, waste disposal, material recovery services",Renewable energies,11576,13170,13987,14434,14260,1077,1421,1627,2150,2662,4945,10227,11431,8170,6411,6348,5691,7213,18870,10278,14756,10805,18501,17657,19295,24181
CPA08-37-01,"Sewage, waste disposal, material recovery services",Electricity and other energy sources,13689,16813,16009,16572,16497,17855,17742,18677,16798,17022,16674,17778,17562,17580,17918,19031,18980,19826,19690,17592,18689,18463,18729,18450,17937,16954
CPA08-41-01,Building and civil engineering construction works,Hard coal and hard coal products,348,286,291,120,130,200,154,117,133,110,118,235,376,275,0,0,0,0,0,0,0,0,0,0,0,0
CPA08-41-01,Building and civil engineering construction works,Brown coal (lignite) and brown coal products,578,407,448,118,96,102,50,45,19,2,3,5,4,0,0,0,0,0,0,0,0,0,0,0,0,0
CPA08-41-01,Building and civil engineering construction works,Crude oil,0,0,0,0,0,0,0,0,0,0,0,0,0,0,0,0,0,0,0,0,0,0,0,0,0,0
CPA08-41-01,Building and civil engineering construction works,Petrol,8562,7666,7041,7179,6703,6147,5517,6074,5248,4754,4308,4097,3516,3743,2362,2273,2175,1360,1350,989,2189,2222,2240,2210,2149,2510
CPA08-41-01,Building and civil engineering construction works,Diesel fuels,45610,44111,44790,44130,46437,49519,48247,46483,44979,42640,40153,41087,39717,41108,34981,34885,36945,37725,39721,38555,39890,41310,42860,41865,42754,42107
CPA08-41-01,Building and civil engineering construction works,Aviation turbine fuel,0,0,0,0,0,0,0,0,0,0,0,0,0,0,0,0,0,0,0,0,0,0,0,0,0,0
CPA08-41-01,Building and civil engineering construction works,Heating oil,20970,26312,19667,17313,14557,13627,14709,12794,13706,11807,9518,12319,6842,6668,5078,5200,4479,4808,5117,4177,4305,3720,3743,3010,2875,3962
CPA08-41-01,Building and civil engineering construction works,Heavy fuel oil,0,0,0,0,0,0,0,0,0,0,0,0,0,0,0,0,0,0,0,0,0,0,0,0,0,0
CPA08-41-01,Building and civil engineering construction works,Other mineral oil products,143217,136153,139122,135574,146740,129654,121144,115911,107350,93232,105184,106029,96921,97681,99317,98262,108826,82394,76212,82019,87752,143523,81498,54411,53713,52472
CPA08-41-01,Building and civil engineering construction works,Gases,8535,10757,9904,8464,7939,7858,8250,7360,5531,5420,6237,6449,5270,6071,4958,4938,4587,4372,4646,3659,4553,4515,4390,4031,4300,4229
CPA08-41-01,Building and civil engineering construction works,Renewable energies,37,45,69,75,93,189,248,380,549,660,1987,2373,2629,2240,1684,2768,2696,1962,1949,1897,1749,1754,1879,2204,2306,3194
CPA08-41-01,Building and civil engineering construction works,Electricity and other energy sources,6978,7068,6856,5959,5653,7810,5590,5710,6400,6160,5791,5852,5491,4935,4735,4732,4497,5144,4321,3697,4047,4391,4482,4211,4339,4125
CPA08-43,Specialised construction works,Hard coal and hard coal products,342,281,269,137,155,209,172,212,147,122,144,137,376,439,550,0,0,0,0,0,0,0,0,0,0,0
CPA08-43,Specialised construction works,Brown coal (lignite) and brown coal products,569,399,414,136,114,107,55,81,21,3,4,3,4,0,0,0,0,0,0,0,0,0,0,0,0,0
CPA08-43,Specialised construction works,Crude oil,0,0,0,0,0,0,0,0,0,0,0,0,0,0,0,0,0,0,0,0,0,0,0,0,0,0
CPA08-43,Specialised construction works,Petrol,10930,9440,8655,9579,8493,7246,6696,6008,5071,4540,3864,3662,3169,3306,2794,2844,2760,1910,1879,1575,2763,2802,2821,2803,2788,3111
CPA08-43,Specialised construction works,Diesel fuels,44088,42988,44084,44464,46011,49569,49560,47353,45218,44056,41928,42731,42131,43628,50333,50727,54273,53537,55172,53511,56034,58361,60142,58933,59998,58301
CPA08-43,Specialised construction works,Aviation turbine fuel,0,0,0,0,0,0,0,0,0,0,0,0,0,0,0,0,0,0,0,0,0,0,0,0,0,0
CPA08-43,Specialised construction works,Heating oil,19121,23468,18287,18622,16365,14274,16405,15259,15101,13113,11585,14700,8132,8220,9378,10563,10255,11465,12378,10547,10939,9437,9589,7641,7048,9645
CPA08-43,Specialised construction works,Heavy fuel oil,0,0,0,0,0,0,0,0,0,0,0,0,0,0,0,0,0,0,0,0,0,0,0,0,0,0
CPA08-43,Specialised construction works,Other mineral oil products,716,691,803,724,704,647,665,590,595,2536,2828,2128,2186,2103,2156,2495,1958,2000,1997,1826,2022,2354,1722,1965,2226,1714
CPA08-43,Specialised construction works,Gases,7224,9552,9168,9063,8885,8194,9160,8800,6111,5990,7575,7707,6268,7168,9243,10290,10472,9625,11263,10266,11563,11451,11241,10226,10537,10292
CPA08-43,Specialised construction works,Renewable energies,38,47,73,82,101,195,265,378,528,673,1750,2346,2689,2283,2580,3170,3134,2676,2430,2583,2416,2441,2564,2910,2981,4094
CPA08-43,Specialised construction works,Electricity and other energy sources,5955,6311,6392,6439,6388,8226,6289,6780,7150,6840,7071,6983,6525,6411,6886,7823,7749,8909,10169,9327,10283,11140,11479,10687,10636,10037
CPA08-45-01,"Wholesale,ret.trade,repair of motor veh.,motorcyc.",Hard coal and hard coal products,564,451,495,256,296,421,468,320,126,105,146,290,397,149,0,326,239,100,52,139,156,30,20,23,2,2
CPA08-45-01,"Wholesale,ret.trade,repair of motor veh.,motorcyc.",Brown coal (lignite) and brown coal products,937,641,762,253,218,215,151,122,18,2,4,6,4,0,0,0,0,0,0,0,0,0,0,0,0,0
CPA08-45-01,"Wholesale,ret.trade,repair of motor veh.,motorcyc.",Crude oil,0,0,0,0,0,0,0,0,0,0,0,0,0,0,0,0,0,0,0,0,0,0,0,0,0,0
CPA08-45-01,"Wholesale,ret.trade,repair of motor veh.,motorcyc.",Petrol,1480,1291,1290,1612,1647,1352,1344,1487,1323,1183,972,951,798,677,669,687,674,630,615,685,668,673,701,747,815,659
CPA08-45-01,"Wholesale,ret.trade,repair of motor veh.,motorcyc.",Diesel fuels,8141,8054,8293,8783,9660,9186,9594,9972,10132,9723,9131,9373,8885,8944,11109,11583,6388,6164,6235,5258,5540,5776,5906,5805,5104,3904
CPA08-45-01,"Wholesale,ret.trade,repair of motor veh.,motorcyc.",Aviation turbine fuel,0,0,0,0,0,0,0,0,0,0,0,0,0,0,0,0,0,0,0,0,0,0,0,0,0,0
CPA08-45-01,"Wholesale,ret.trade,repair of motor veh.,motorcyc.",Heating oil,17364,25051,20401,22299,19982,17465,20194,13668,10495,9601,9199,10259,7551,10256,9546,8486,7351,8348,8718,9034,9343,8514,8818,7053,6413,8665
CPA08-45-01,"Wholesale,ret.trade,repair of motor veh.,motorcyc.",Heavy fuel oil,0,0,0,0,0,0,0,0,0,0,0,0,0,0,0,0,0,0,0,0,0,0,0,0,0,0
CPA08-45-01,"Wholesale,ret.trade,repair of motor veh.,motorcyc.",Other mineral oil products,28004,26781,27317,27289,27269,26572,25481,24861,24179,23414,19213,23802,26365,25177,19527,22459,23126,23490,24488,24875,23220,23152,21597,14028,14040,12088
CPA08-45-01,"Wholesale,ret.trade,repair of motor veh.,motorcyc.",Gases,10912,13374,13416,14236,14230,13150,14791,12450,9521,9410,9933,11724,10566,11695,10947,12222,11976,11625,13432,11762,11106,11235,11199,10237,10449,10079
CPA08-45-01,"Wholesale,ret.trade,repair of motor veh.,motorcyc.",Renewable energies,17,23,42,47,62,143,196,217,330,394,618,1235,1238,919,954,978,368,361,321,354,334,337,346,373,328,357
CPA08-45-01,"Wholesale,ret.trade,repair of motor veh.,motorcyc.",Electricity and other energy sources,12824,12521,13049,14329,14243,13677,13799,13050,12591,11980,12071,12070,11602,12150,12375,13102,12030,13539,13920,12519,13456,12849,13222,12413,12260,11473
CPA08-46,"Wts., except of motor vehicles and motorcycles",Hard coal and hard coal products,1104,943,951,486,508,735,800,540,141,119,137,264,445,263,0,528,1069,159,41,180,317,60,41,47,4,3
CPA08-46,"Wts., except of motor vehicles and motorcycles",Brown coal (lignite) and brown coal products,1836,1342,1464,479,374,375,258,206,21,2,3,5,5,0,0,0,0,0,0,0,0,0,0,0,0,0
CPA08-46,"Wts., except of motor vehicles and motorcycles",Crude oil,0,0,0,0,0,0,0,0,0,0,0,0,0,0,0,0,0,0,0,0,0,0,0,0,0,0
CPA08-46,"Wts., except of motor vehicles and motorcycles",Petrol,11796,9911,8663,9174,8677,7344,6096,5824,5030,5109,4550,4286,3968,3407,4273,4438,4479,4453,4401,2290,2122,2139,2214,2346,2609,2459
CPA08-46,"Wts., except of motor vehicles and motorcycles",Diesel fuels,54266,53846,54857,57056,62635,60460,61649,57109,55727,58024,64448,63181,64505,66332,63515,67271,70979,70784,71727,68507,69477,70001,71544,71802,71677,66685
CPA08-46,"Wts., except of motor vehicles and motorcycles",Aviation turbine fuel,0,0,0,0,0,0,0,0,0,0,0,0,0,0,0,0,0,0,0,0,0,0,0,0,0,0
CPA08-46,"Wts., except of motor vehicles and motorcycles",Heating oil,21057,25341,19784,20566,17431,15375,17739,13977,14176,13163,13491,13420,6081,8753,7240,7604,6435,7394,8641,8029,6605,7590,8023,6580,5924,7893
CPA08-46,"Wts., except of motor vehicles and motorcycles",Heavy fuel oil,0,0,0,0,0,0,0,0,0,0,0,0,0,0,0,0,0,0,0,0,0,0,0,0,0,0
CPA08-46,"Wts., except of motor vehicles and motorcycles",Other mineral oil products,77,20,85,16,76,7,0,3,3,8,10,19,36,55,109,129,139,122,122,45,36,32,29,27,26,21
CPA08-46,"Wts., except of motor vehicles and motorcycles",Gases,27465,34102,32794,33096,31291,29182,32752,29440,19062,19711,21324,23279,12415,12356,11140,12282,11283,10648,13817,13534,15352,15264,15473,14315,14437,13801
CPA08-46,"Wts., except of motor vehicles and motorcycles",Renewable energies,117,139,233,242,309,521,792,1516,2202,2795,4915,9395,10143,7591,5422,5719,5408,5647,5039,4339,3917,3835,3949,4313,4244,5701
CPA08-46,"Wts., except of motor vehicles and motorcycles",Electricity and other energy sources,29387,29381,29798,30592,29291,29437,29227,29630,31661,31881,33903,36206,30588,30665,28672,27697,24610,25983,26239,23565,23717,25089,24559,23244,22322,20587
CPA08-47,"Rts., except of motor vehicles and motorcycles",Hard coal and hard coal products,4190,3244,3413,1545,1804,2616,2672,2747,1747,1452,1795,2106,2007,1194,0,1553,1797,170,58,528,1041,192,123,139,11,10
CPA08-47,"Rts., except of motor vehicles and motorcycles",Brown coal (lignite) and brown coal products,6967,4615,5251,1524,1329,1335,860,1047,256,30,45,43,21,0,0,0,0,0,0,0,0,0,0,0,0,0
CPA08-47,"Rts., except of motor vehicles and motorcycles",Crude oil,0,0,0,0,0,0,0,0,0,0,0,0,0,0,0,0,0,0,0,0,0,0,0,0,0,0
CPA08-47,"Rts., except of motor vehicles and motorcycles",Petrol,29064,26025,24457,28280,28592,25396,22772,18277,16024,14641,12376,11334,10294,8836,9331,9338,9355,9168,9047,1740,1664,1663,1672,1758,1907,1798
CPA08-47,"Rts., except of motor vehicles and motorcycles",Diesel fuels,26811,27331,28248,29836,32596,36532,39925,43043,43318,44091,42945,43397,44120,42796,34892,36418,38644,40023,40762,38937,41110,41816,42104,42399,41885,38508
CPA08-47,"Rts., except of motor vehicles and motorcycles",Aviation turbine fuel,0,0,0,0,0,0,0,0,0,0,0,0,0,0,0,0,0,0,0,0,0,0,0,0,0,0
CPA08-47,"Rts., except of motor vehicles and motorcycles",Heating oil,66097,78576,60824,61665,53848,47637,55217,50754,53442,44404,41947,43024,27410,39701,33323,39492,34827,36826,37264,30870,24409,24482,24418,19606,17922,24032
CPA08-47,"Rts., except of motor vehicles and motorcycles",Heavy fuel oil,0,0,0,0,0,0,0,0,0,0,0,0,0,0,0,0,0,0,0,0,0,0,0,0,0,0
CPA08-47,"Rts., except of motor vehicles and motorcycles",Other mineral oil products,852,799,955,835,838,744,761,681,688,2810,3134,2383,2485,2438,2572,2941,2365,2406,2401,2006,2219,2584,1889,2157,2445,1881
CPA08-47,"Rts., except of motor vehicles and motorcycles",Gases,55976,68661,65464,64433,62763,58707,66193,69761,57946,57402,52789,58220,55987,56307,54039,62171,56298,51869,58051,51354,54987,53311,51275,47053,48099,46114
CPA08-47,"Rts., except of motor vehicles and motorcycles",Renewable energies,53,58,86,126,170,320,514,584,883,1184,2031,3668,4030,2959,1968,2037,2024,2075,1883,2491,2340,2313,2345,2569,2504,3317
CPA08-47,"Rts., except of motor vehicles and motorcycles",Electricity and other energy sources,76183,75274,75707,75808,74798,80439,75233,81639,89184,88973,77437,68604,65217,69168,69167,73112,65892,66978,69139,68793,70757,69310,70420,67432,66150,61292
CPA08-49,Land transp.serv. a. transport serv. via pipelines,Hard coal and hard coal products,132,97,98,59,65,36,6,1,0,0,0,0,0,10,0,0,0,0,0,0,0,0,0,0,0,0
CPA08-49,Land transp.serv. a. transport serv. via pipelines,Brown coal (lignite) and brown coal products,28,1248,816,554,556,434,218,19,0,0,0,0,0,0,0,0,0,0,0,0,0,0,0,0,0,0
CPA08-49,Land transp.serv. a. transport serv. via pipelines,Crude oil,0,0,0,0,0,0,0,0,0,0,0,0,0,0,0,0,0,0,0,0,0,0,0,0,0,0
CPA08-49,Land transp.serv. a. transport serv. via pipelines,Petrol,4715,3981,3471,3913,4007,4791,3135,2647,2598,2461,2339,2215,1994,1764,1697,1639,1629,1646,1451,1790,2072,1954,1869,1952,2149,1898
CPA08-49,Land transp.serv. a. transport serv. via pipelines,Diesel fuels,132238,130967,133465,139235,157731,158720,163860,180493,180779,180683,162891,155807,148578,148305,142989,154550,156293,161699,165884,179982,176986,173778,166778,159786,156112,135515
CPA08-49,Land transp.serv. a. transport serv. via pipelines,Aviation turbine fuel,0,0,0,0,0,0,0,0,0,0,0,0,0,0,0,0,0,0,0,0,0,0,0,0,0,0
CPA08-49,Land transp.serv. a. transport serv. via pipelines,Heating oil,1033,1013,770,726,580,454,493,456,531,456,567,419,282,320,227,218,166,200,354,959,661,912,916,765,730,1005
CPA08-49,Land transp.serv. a. transport serv. via pipelines,Heavy fuel oil,0,0,0,0,0,0,0,0,0,0,0,0,0,0,0,0,0,0,0,0,0,0,0,0,0,0
CPA08-49,Land transp.serv. a. transport serv. via pipelines,Other mineral oil products,9945,9565,9463,9734,9727,9272,8965,8760,8061,7808,6409,7942,8804,8417,6546,7520,7745,7869,8197,8492,7917,7855,7304,4763,4757,4086
CPA08-49,Land transp.serv. a. transport serv. via pipelines,Gases,710,718,672,616,548,454,1020,1020,1000,840,26198,17615,26805,26518,21410,25261,18983,15944,15582,17707,17613,18963,19139,64077,70492,31314
CPA08-49,Land transp.serv. a. transport serv. via pipelines,Renewable energies,332,365,715,749,962,3256,4027,3598,5221,6441,10685,18596,18916,14379,12722,13179,12176,13790,12749,11494,9940,9492,9195,9643,9149,11527
CPA08-49,Land transp.serv. a. transport serv. via pipelines,Electricity and other energy sources,61941,62619,63703,60790,59656,60216,59890,59090,59730,60950,60860,61006,60931,49188,46148,46959,47728,46520,46050,44698,43458,45172,45904,44697,44155,42665
CPA08-50,Water transport services,Hard coal and hard coal products,0,0,0,0,0,0,0,0,0,0,0,0,0,0,0,0,0,0,0,0,0,0,0,0,0,0
CPA08-50,Water transport services,Brown coal (lignite) and brown coal products,0,0,0,0,0,0,0,0,0,0,0,0,0,0,0,0,0,0,0,0,0,0,0,0,0,0
CPA08-50,Water transport services,Crude oil,0,0,0,0,0,0,0,0,0,0,0,0,0,0,0,0,0,0,0,0,0,0,0,0,0,0
CPA08-50,Water transport services,Petrol,34,31,29,33,33,8,33,55,27,56,69,76,71,66,11,11,10,10,9,13,15,13,15,17,18,15
CPA08-50,Water transport services,Diesel fuels,41280,47272,44197,38560,38593,30625,28878,27774,29670,25846,14323,19168,24216,27059,27074,28388,24953,29043,32903,36929,92484,61609,26891,5087,13228,10389
CPA08-50,Water transport services,Aviation turbine fuel,0,0,0,0,0,0,0,0,0,0,0,0,0,0,0,0,0,0,0,0,0,0,0,0,0,0
CPA08-50,Water transport services,Heating oil,0,0,0,0,0,0,0,0,0,0,0,0,0,0,0,0,0,0,0,0,0,8,50439,90740,98211,62102
CPA08-50,Water transport services,Heavy fuel oil,45997,29369,33095,33686,37659,26316,26171,25526,24330,19506,229004,236144,307593,345299,284584,308973,265632,302729,296314,277301,381702,334322,379687,412561,329468,280313
CPA08-50,Water transport services,Other mineral oil products,3833,3219,3149,3291,3990,4266,2787,2637,2269,2065,1658,2023,2197,2098,1626,1870,1926,1956,2039,2072,1934,1929,1799,1169,1170,1007
CPA08-50,Water transport services,Gases,0,0,0,0,0,0,0,0,0,0,0,0,0,0,0,0,0,0,0,0,0,10,7,6,7,6
CPA08-50,Water transport services,Renewable energies,2,3,5,6,8,19,25,205,313,391,797,457,458,463,771,671,782,865,9,19,19,17,21,24,23,30
CPA08-50,Water transport services,Electricity and other energy sources,0,0,0,0,0,0,0,0,0,0,0,0,0,0,0,0,0,0,0,0,0,1,1,1,1,1
CPA08-51,Air transport services,Hard coal and hard coal products,0,0,0,0,0,0,0,0,0,0,0,0,0,0,0,0,0,0,0,0,0,0,0,0,0,0
CPA08-51,Air transport services,Brown coal (lignite) and brown coal products,0,0,0,0,0,0,0,0,0,0,0,0,0,0,0,0,0,0,0,0,0,0,0,0,0,0
CPA08-51,Air transport services,Crude oil,0,0,0,0,0,0,0,0,0,0,0,0,0,0,0,0,0,0,0,0,0,0,0,0,0,0
CPA08-51,Air transport services,Petrol,1273,1063,1269,1153,1235,1173,1077,897,846,751,797,757,698,719,605,579,624,569,506,487,569,424,419,407,338,224
CPA08-51,Air transport services,Diesel fuels,9213,9228,9290,9311,9274,9282,9129,8442,8885,10391,1343,1510,1483,1901,131,136,136,145,145,344,349,387,410,420,416,373
CPA08-51,Air transport services,Aviation turbine fuel,287128,301848,313758,323348,347502,368600,359312,356368,366372,371854,376355,389537,407067,407974,389182,374798,360117,393619,393598,378163,370113,393494,413522,414095,396516,169314
CPA08-51,Air transport services,Heating oil,0,0,0,0,0,0,0,0,36,36,26,179,116,166,156,166,142,150,119,196,195,97,98,82,77,105
CPA08-51,Air transport services,Heavy fuel oil,0,0,0,0,0,0,0,0,0,0,0,0,0,0,0,0,0,0,0,0,0,0,0,0,0,0
CPA08-51,Air transport services,Other mineral oil products,0,0,0,0,0,0,0,0,0,0,0,0,1,1,0,0,0,0,0,0,0,0,0,0,0,0
CPA08-51,Air transport services,Gases,0,0,0,0,0,0,0,0,20,20,20,30,21,21,20,21,20,86,138,108,125,108,105,100,106,103
CPA08-51,Air transport services,Renewable energies,3,4,7,8,11,26,34,250,392,557,86,181,189,184,10,10,9,35,9,22,20,21,23,25,25,32
CPA08-51,Air transport services,Electricity and other energy sources,0,0,0,0,0,0,0,0,0,0,0,0,0,0,0,0,0,0,0,12,13,9,10,5,8,6
CPA08-52,Warehousing a. support services for transportation,Hard coal and hard coal products,0,0,0,0,0,0,0,0,0,0,0,0,0,0,0,0,0,0,0,0,0,0,0,0,0,0
CPA08-52,Warehousing a. support services for transportation,Brown coal (lignite) and brown coal products,0,0,0,0,0,0,0,0,0,0,0,0,0,0,0,0,0,0,0,0,0,0,0,0,0,0
CPA08-52,Warehousing a. support services for transportation,Crude oil,0,0,0,0,0,0,0,0,0,0,0,0,0,0,0,0,0,0,0,0,0,0,0,0,0,0
CPA08-52,Warehousing a. support services for transportation,Petrol,1393,1252,1153,1289,1348,1313,1129,1238,1202,1177,1120,1074,964,863,764,775,679,679,806,886,828,828,848,890,948,862
CPA08-52,Warehousing a. support services for transportation,Diesel fuels,100850,100563,102618,106268,117617,116415,118746,106294,108872,114782,142881,144723,151221,155785,152896,155514,163764,147556,152038,105943,110736,112454,113547,113913,110766,102390
CPA08-52,Warehousing a. support services for transportation,Aviation turbine fuel,0,0,0,0,0,0,0,0,0,0,0,0,0,0,0,0,0,0,0,0,0,0,0,0,0,0
CPA08-52,Warehousing a. support services for transportation,Heating oil,4657,5338,4260,4021,3804,4152,5208,5175,5853,5707,5644,5208,3530,5188,4158,4294,3988,4381,5321,4817,5446,5314,5398,4359,4041,5432
CPA08-52,Warehousing a. support services for transportation,Heavy fuel oil,0,0,0,0,0,0,0,0,0,0,0,0,0,0,0,0,0,0,0,0,0,0,0,0,0,0
CPA08-52,Warehousing a. support services for transportation,Other mineral oil products,2334,2232,2277,2274,2272,2214,2123,2072,2016,1953,1603,1988,2205,2111,1645,1889,1943,1975,2061,2093,1953,1945,1812,1180,1180,1016
CPA08-52,Warehousing a. support services for transportation,Gases,6266,7411,7284,6675,7045,8129,9920,10620,7001,7250,4373,5485,5436,5317,6787,8973,8312,7342,9325,8408,9647,9339,9140,8443,8886,9112
CPA08-52,Warehousing a. support services for transportation,Renewable energies,316,430,768,859,1129,1590,2521,2307,3414,4475,10408,21143,24044,18144,15103,14596,14082,13526,12133,6606,6133,6045,6149,6704,6407,8595
CPA08-52,Warehousing a. support services for transportation,Electricity and other energy sources,13302,12574,13179,12982,13263,16397,17239,17650,18621,19371,21451,25410,23774,24190,23295,25731,22891,21789,19483,18798,20043,18562,18856,17910,17898,16692
CPA08-53,Postal and courier services,Hard coal and hard coal products,40,31,32,14,16,24,23,4,0,0,0,0,0,55,0,0,0,0,0,0,0,0,0,0,0,0
CPA08-53,Postal and courier services,Brown coal (lignite) and brown coal products,67,43,50,13,12,12,7,2,0,0,0,0,0,0,0,0,0,0,0,0,0,0,0,0,0,0
CPA08-53,Postal and courier services,Crude oil,0,0,0,0,0,0,0,0,0,0,0,0,0,0,0,0,0,0,0,0,0,0,0,0,0,0
CPA08-53,Postal and courier services,Petrol,2714,2479,2350,2520,2583,2478,2320,1732,1650,1563,1464,1365,1275,1068,762,859,479,470,621,888,810,811,863,966,1054,961
CPA08-53,Postal and courier services,Diesel fuels,33387,33194,33189,35743,40530,40380,40683,40851,40441,41573,33667,34455,34852,35695,25402,26568,22485,24758,29913,39356,44398,47626,51017,53722,54653,51150
CPA08-53,Postal and courier services,Aviation turbine fuel,0,0,0,0,0,0,0,0,0,0,0,0,0,0,0,0,0,0,0,0,0,0,0,0,0,0
CPA08-53,Postal and courier services,Heating oil,2718,3062,2393,2141,1936,1775,2056,1811,1827,1725,1808,1664,1173,1327,1040,1068,692,814,860,1046,1123,1221,1330,1063,960,1315
CPA08-53,Postal and courier services,Heavy fuel oil,0,0,0,0,0,0,0,0,0,0,0,0,0,0,0,0,0,0,0,0,0,0,0,0,0,0
CPA08-53,Postal and courier services,Other mineral oil products,0,0,0,0,0,0,0,1,1,3,3,6,11,17,19,21,12,13,17,26,23,22,22,21,20,17
CPA08-53,Postal and courier services,Gases,2074,2410,2320,2015,2033,1971,2220,2290,1600,1650,1664,2536,2148,2398,2147,2180,2054,1886,2222,2935,3886,3763,3945,3980,4105,4298
CPA08-53,Postal and courier services,Renewable energies,62,79,165,176,208,741,765,841,1240,1575,1971,3770,4061,3056,2311,2347,1858,2262,2135,2477,2477,2574,2774,3178,3174,4308
CPA08-53,Postal and courier services,Electricity and other energy sources,2888,2677,2705,2387,2425,2818,2500,2390,2390,2490,2280,2389,2155,2459,1919,2264,1720,2041,2027,2097,2379,2516,2711,2576,2653,2679
CPA08-I,Accommodation and food services,Hard coal and hard coal products,1283,1105,1176,555,656,974,1072,1197,613,498,457,663,610,492,0,540,757,154,77,150,364,68,44,50,4,3
CPA08-I,Accommodation and food services,Brown coal (lignite) and brown coal products,2133,1571,1810,547,483,497,345,456,90,10,11,14,6,0,0,0,0,0,0,0,0,0,0,0,0,0
CPA08-I,Accommodation and food services,Crude oil,0,0,0,0,0,0,0,0,0,0,0,0,0,0,0,0,0,0,0,0,0,0,0,0,0,0
CPA08-I,Accommodation and food services,Petrol,3061,2790,2728,2991,3062,2647,2609,2065,1818,1647,1430,1300,1088,1071,1016,1022,1043,1052,1047,661,644,662,704,759,836,792
CPA08-I,Accommodation and food services,Diesel fuels,992,1032,1090,1174,1286,1442,1658,1909,1927,1957,2308,2387,2330,2487,2391,2575,2804,3024,3126,2031,2154,2293,2431,2506,2554,2161
CPA08-I,Accommodation and food services,Aviation turbine fuel,0,0,0,0,0,0,0,0,0,0,0,0,0,0,0,0,0,0,0,0,0,0,0,0,0,0
CPA08-I,Accommodation and food services,Heating oil,33453,42704,33432,33805,30777,27855,32148,31763,32476,28691,29010,30515,19225,23783,24386,26431,23634,24906,26121,22931,23389,25113,24442,19767,18309,22807
CPA08-I,Accommodation and food services,Heavy fuel oil,0,0,0,0,0,0,0,0,0,0,0,0,0,0,0,0,0,0,0,0,0,0,0,0,0,0
CPA08-I,Accommodation and food services,Other mineral oil products,1430,1381,1606,1447,1406,1294,1329,1177,1188,3548,3958,2975,3055,2938,2997,3469,2714,2770,2767,2528,2803,3270,2387,2730,3098,2384
CPA08-I,Accommodation and food services,Gases,27678,36456,35154,34509,35047,33538,37652,39150,29073,28391,28416,33797,26809,24339,24501,25761,25263,23714,25302,21742,18411,18799,17526,16179,16745,14889
CPA08-I,Accommodation and food services,Renewable energies,67,67,74,76,82,9,13,48,65,81,100,193,193,168,135,148,153,163,151,155,148,153,163,184,187,221
CPA08-I,Accommodation and food services,Electricity and other energy sources,37455,39402,39915,39804,40748,41336,41387,45772,54593,56251,55044,55220,48907,49979,51384,51956,47735,46481,46592,45681,49261,54383,52266,50665,49868,43059
CPA08-J,Information and communication services,Hard coal and hard coal products,151,118,132,66,82,132,149,30,0,0,0,0,0,378,0,0,0,0,0,0,0,0,0,0,0,0
CPA08-J,Information and communication services,Brown coal (lignite) and brown coal products,312,218,228,110,80,67,52,12,0,0,0,0,0,0,0,0,0,0,0,0,0,0,0,0,0,0
CPA08-J,Information and communication services,Crude oil,0,0,0,0,0,0,0,0,0,0,0,0,0,0,0,0,0,0,0,0,0,0,0,0,0,0
CPA08-J,Information and communication services,Petrol,9869,9124,9082,10818,11083,9837,9000,6174,5292,4746,4375,3964,3315,3270,2374,2196,2517,2498,2464,328,324,355,413,496,602,589
CPA08-J,Information and communication services,Diesel fuels,27841,28175,29173,30427,32274,32954,34505,32550,32583,32459,32690,32370,31832,33517,25449,24391,29090,27972,28086,4021,4093,4229,4430,4561,4682,3965
CPA08-J,Information and communication services,Aviation turbine fuel,0,0,0,0,0,0,0,0,0,0,0,0,0,0,0,0,0,0,0,0,0,0,0,0,0,0
CPA08-J,Information and communication services,Heating oil,11318,13438,11285,12021,11505,11351,14011,9306,9495,12309,13807,12582,8465,9084,7252,7156,5809,6372,7017,5657,5939,4569,4662,3919,3714,4996
CPA08-J,Information and communication services,Heavy fuel oil,81,81,41,0,0,0,0,0,0,0,0,0,0,0,0,0,0,0,0,0,0,0,0,0,0,0
CPA08-J,Information and communication services,Other mineral oil products,10,10,6,5,3,1,1,3,4,9,10,18,30,53,60,53,66,69,68,6,7,6,6,6,6,5
CPA08-J,Information and communication services,Gases,8402,10212,10536,11421,11535,11949,14111,10396,8425,12395,13398,21087,16160,16955,14633,15907,15724,15030,16488,15951,15147,15469,15160,14548,15410,14806
CPA08-J,Information and communication services,Renewable energies,30,37,82,91,123,234,474,726,1082,1344,2078,3937,4113,3195,2018,1862,1959,1923,1715,263,240,241,256,290,299,366
CPA08-J,Information and communication services,Electricity and other energy sources,24564,24570,26123,27692,29304,30695,32228,31004,30336,34806,35172,36483,37631,39567,37957,41713,37264,39706,38596,34902,35946,37044,37205,34815,34235,32141
CPA08-K,Financial and insurance services,Hard coal and hard coal products,264,208,215,103,118,175,178,35,0,0,0,0,0,399,0,0,0,0,0,0,0,0,0,0,0,0
CPA08-K,Financial and insurance services,Brown coal (lignite) and brown coal products,439,296,331,102,87,90,57,13,0,0,0,0,0,0,0,0,0,0,0,0,0,0,0,0,0,0
CPA08-K,Financial and insurance services,Crude oil,0,0,0,0,0,0,0,0,0,0,0,0,0,0,0,0,0,0,0,0,0,0,0,0,0,0
CPA08-K,Financial and insurance services,Petrol,2525,2180,2007,2327,2349,2171,1935,1820,1649,1446,1229,1066,798,731,731,757,786,815,813,476,469,487,544,639,999,1132
CPA08-K,Financial and insurance services,Diesel fuels,941,906,933,978,1047,1157,1535,1561,1689,1897,2142,2393,2473,2658,2788,3064,3414,3671,3676,2977,3089,3166,3210,3162,3185,2627
CPA08-K,Financial and insurance services,Aviation turbine fuel,0,0,0,0,0,0,0,0,0,0,0,0,0,0,0,0,0,0,0,0,0,0,0,0,0,0
CPA08-K,Financial and insurance services,Heating oil,18880,22103,16776,17224,15139,13766,15924,14654,15510,13397,13700,13156,8480,9452,7718,7303,5617,6357,7160,4989,4514,4689,4717,3685,3374,4525
CPA08-K,Financial and insurance services,Heavy fuel oil,0,0,0,0,0,0,0,0,0,0,0,0,0,0,0,0,0,0,0,0,0,0,0,0,0,0
CPA08-K,Financial and insurance services,Other mineral oil products,0,0,0,0,0,0,0,1,1,2,3,5,7,12,19,18,21,23,22,6,6,5,5,5,4,3
CPA08-K,Financial and insurance services,Gases,13762,16623,15540,15490,15187,14602,16431,18290,13411,12780,13874,18125,15956,17386,16518,17908,15982,15342,18146,16740,15587,15873,15338,13678,13992,13394
CPA08-K,Financial and insurance services,Renewable energies,31,27,34,37,39,28,40,53,52,79,131,260,286,239,204,220,229,240,217,205,191,191,196,215,228,274
CPA08-K,Financial and insurance services,Electricity and other energy sources,17321,16635,16301,16493,16257,17735,16549,17511,20141,20130,17641,15656,13970,16077,14780,16281,14227,14396,14133,13337,13781,12843,12614,11183,11240,10315
CPA08-L,Real estate services,Hard coal and hard coal products,37,30,37,19,22,33,35,7,0,0,0,0,0,100,0,0,0,0,0,0,0,0,0,0,0,0
CPA08-L,Real estate services,Brown coal (lignite) and brown coal products,62,42,58,19,16,17,11,3,0,0,0,0,0,0,0,0,0,0,0,0,0,0,0,0,0,0
CPA08-L,Real estate services,Crude oil,0,0,0,0,0,0,0,0,0,0,0,0,0,0,0,0,0,0,0,0,0,0,0,0,0,0
CPA08-L,Real estate services,Petrol,4175,3979,3909,4429,4493,3809,3684,2838,2764,2625,2574,2431,2034,1993,1756,1747,1792,1879,1866,307,329,379,452,530,628,610
CPA08-L,Real estate services,Diesel fuels,2067,2223,2413,2647,2902,3234,3889,4448,5922,6957,7333,7781,7790,8122,7960,8082,8237,8527,8878,1189,1492,1820,2148,2371,2531,2299
CPA08-L,Real estate services,Aviation turbine fuel,0,0,0,0,0,0,0,0,0,0,0,0,0,0,0,0,0,0,0,0,0,0,0,0,0,0
CPA08-L,Real estate services,Heating oil,3246,3854,3247,3549,3179,2897,3162,2982,3074,2735,2693,3160,2049,2393,1624,1489,1118,1232,1357,948,1056,789,759,613,580,780
CPA08-L,Real estate services,Heavy fuel oil,0,0,0,0,0,0,0,0,0,0,0,0,0,0,0,0,0,0,0,0,0,0,0,0,0,0
CPA08-L,Real estate services,Other mineral oil products,0,0,0,0,0,0,0,1,2,4,6,11,18,32,45,42,47,52,51,4,4,4,4,4,5,4
CPA08-L,Real estate services,Gases,2081,2549,2646,2807,2805,2703,2870,3200,2580,2650,3098,4811,3762,4335,3496,3629,3330,3140,3202,2349,2695,2673,2471,2277,2407,2313
CPA08-L,Real estate services,Renewable energies,13,13,18,21,23,27,39,76,146,226,422,844,895,713,478,475,453,463,423,87,97,114,135,164,174,222
CPA08-L,Real estate services,Electricity and other energy sources,16067,15948,17509,18922,19214,19431,18858,19369,19921,19191,18862,20394,19755,20458,20397,21778,20739,22492,22121,21648,23748,23671,23240,22963,22488,21198
CPA08-M,"Professional, scientific and technical services",Hard coal and hard coal products,202,165,183,95,109,160,187,37,0,0,0,0,0,538,0,0,0,0,0,0,0,0,0,0,0,0
CPA08-M,"Professional, scientific and technical services",Brown coal (lignite) and brown coal products,336,234,282,94,81,82,60,14,0,0,0,0,0,0,0,0,0,0,0,0,0,0,0,0,0,0
CPA08-M,"Professional, scientific and technical services",Crude oil,0,0,0,0,0,0,0,0,0,0,0,0,0,0,0,0,0,0,0,0,0,0,0,0,0,0
CPA08-M,"Professional, scientific and technical services",Petrol,39674,38395,38008,41495,41920,37456,34701,31073,26611,23938,22284,21373,18901,19024,15754,14758,14306,14024,13838,4657,5024,5804,6879,8193,9805,9436
CPA08-M,"Professional, scientific and technical services",Diesel fuels,29653,31885,34078,37059,40353,44695,51937,50592,49169,49981,51251,55327,57325,61711,66207,65219,64282,64405,64505,11034,12666,14591,16038,16993,17893,14933
CPA08-M,"Professional, scientific and technical services",Aviation turbine fuel,0,0,0,0,0,0,0,0,0,0,0,0,0,0,0,0,0,0,0,0,0,0,0,0,0,0
CPA08-M,"Professional, scientific and technical services",Heating oil,15537,19644,16071,17285,15852,14676,17091,16060,17138,15945,18263,17276,11648,16761,11555,11949,9450,10460,11353,9698,10033,8154,8433,6594,6271,8510
CPA08-M,"Professional, scientific and technical services",Heavy fuel oil,83,106,63,26,68,0,2,2,2,2,3,2,2,2,1,2,1,1,1,0,0,0,0,0,0,0
CPA08-M,"Professional, scientific and technical services",Other mineral oil products,515,496,576,520,505,465,477,435,439,1305,1460,1155,1258,1353,1463,1587,1335,1366,1360,990,1088,1255,938,1058,1190,925
CPA08-M,"Professional, scientific and technical services",Gases,12315,16038,16198,17079,17480,17127,19391,21720,17012,16620,17615,24942,20293,23162,21834,24083,22590,21193,26694,26260,26163,26251,26114,23940,25423,24611
CPA08-M,"Professional, scientific and technical services",Renewable energies,31,38,64,76,98,204,319,672,962,1334,2510,4959,5513,4632,4036,3893,3609,3559,3202,827,856,962,1166,1263,1341,1566
CPA08-M,"Professional, scientific and technical services",Electricity and other energy sources,21269,22668,23020,20119,20436,36049,38345,42221,47024,47190,51354,51739,53227,56024,58205,62530,57603,59298,61985,58560,62208,64392,60298,57479,56238,54236
CPA08-N,Administrative and support services,Hard coal and hard coal products,30,26,29,14,18,29,38,8,0,0,0,0,0,161,0,0,0,0,0,0,0,0,0,0,0,0
CPA08-N,Administrative and support services,Brown coal (lignite) and brown coal products,49,36,45,14,13,15,12,3,0,0,0,0,0,0,0,0,0,0,0,0,0,0,0,0,0,0
CPA08-N,Administrative and support services,Crude oil,0,0,0,0,0,0,0,0,0,0,0,0,0,0,0,0,0,0,0,0,0,0,0,0,0,0
CPA08-N,Administrative and support services,Petrol,3351,2547,2291,4424,4695,2004,1506,1182,1531,1493,1311,714,885,889,591,638,661,675,671,430,416,415,468,575,675,559
CPA08-N,Administrative and support services,Diesel fuels,3371,3555,3743,4024,4379,4612,5168,5326,6188,6726,6363,4565,5822,6170,2690,3246,3733,4163,4377,4008,4137,4195,4228,4228,4241,3672
CPA08-N,Administrative and support services,Aviation turbine fuel,0,0,0,0,0,0,0,0,0,0,0,0,0,0,0,0,0,0,0,0,0,0,0,0,0,0
CPA08-N,Administrative and support services,Heating oil,3056,3967,3224,3465,3141,2872,3380,3167,3691,3403,4402,4154,2926,3861,4241,4398,3739,3667,3898,4763,5624,4521,4688,3809,3562,4619
CPA08-N,Administrative and support services,Heavy fuel oil,0,0,0,0,0,0,0,0,0,0,0,0,0,0,0,0,0,0,0,0,0,0,0,0,0,0
CPA08-N,Administrative and support services,Other mineral oil products,0,0,0,0,0,0,0,1,1,2,3,3,8,14,15,15,17,19,18,6,5,5,4,4,4,3
CPA08-N,Administrative and support services,Gases,3867,5058,5109,5420,5536,5413,6140,6690,4750,4030,4994,5983,5346,6077,7116,7354,7318,6357,7183,8315,9671,8982,8972,9120,9540,8799
CPA08-N,Administrative and support services,Renewable energies,21,28,49,56,73,159,232,115,182,244,402,592,769,602,199,235,242,265,244,267,246,242,247,274,274,333
CPA08-N,Administrative and support services,Electricity and other energy sources,3306,3402,3648,3782,3771,3483,3990,4650,4750,4910,5100,5087,6062,6592,7938,8275,7863,6048,6229,7449,8275,7063,8075,7071,7459,6515
CPA08-O,"Public adm.,defence serv.,compuls.social sec.serv.",Hard coal and hard coal products,3878,3072,5890,1453,1636,2311,2219,2153,1554,1293,1454,2861,5635,5330,5495,4628,6749,269,69,97,0,0,0,0,0,0
CPA08-O,"Public adm.,defence serv.,compuls.social sec.serv.",Brown coal (lignite) and brown coal products,6855,4948,7410,5482,1888,2041,1577,850,1434,1417,1455,2609,1787,1670,1202,2169,1846,1346,0,0,0,0,0,0,0,0
CPA08-O,"Public adm.,defence serv.,compuls.social sec.serv.",Crude oil,0,0,0,0,0,0,0,0,0,0,0,0,0,0,0,0,0,0,0,0,0,0,0,0,0,0
CPA08-O,"Public adm.,defence serv.,compuls.social sec.serv.",Petrol,15865,14538,14727,13198,11574,11844,12340,11909,10756,9395,10228,9279,7722,7741,7461,7236,6983,6319,6171,5326,4827,4436,3875,3661,3666,3401
CPA08-O,"Public adm.,defence serv.,compuls.social sec.serv.",Diesel fuels,19878,19372,19515,20012,20388,19854,21162,20035,19352,19349,32405,31588,31936,32551,33870,34812,34576,35823,36122,20591,20492,20650,20090,19452,19064,17168
CPA08-O,"Public adm.,defence serv.,compuls.social sec.serv.",Aviation turbine fuel,12445,7044,10388,12094,9126,7264,1599,3404,5981,4284,1252,1543,1706,2799,3649,2589,3466,573,1481,2522,3258,3447,1139,677,3385,2543
CPA08-O,"Public adm.,defence serv.,compuls.social sec.serv.",Heating oil,51511,61094,46598,47686,41351,35656,40220,37345,37600,32979,35773,34093,21959,29919,22845,22584,12892,14997,16182,13175,12406,12811,12867,10423,9644,13224
CPA08-O,"Public adm.,defence serv.,compuls.social sec.serv.",Heavy fuel oil,735,1029,581,210,754,189,5,3,4,3,13,4,2,9,7,10,4,4,1,0,0,0,0,0,0,0
CPA08-O,"Public adm.,defence serv.,compuls.social sec.serv.",Other mineral oil products,1226,1184,1377,1240,1206,1109,1139,1010,1020,3045,3397,2559,2636,2548,2611,3009,2362,2408,2403,2180,2417,2816,2059,2351,2663,2047
CPA08-O,"Public adm.,defence serv.,compuls.social sec.serv.",Gases,40583,48786,45814,45340,43854,39978,43922,45501,37634,36181,39402,55375,42592,46752,42757,44427,40416,37189,40769,39931,41386,40986,39542,37364,38617,37809
CPA08-O,"Public adm.,defence serv.,compuls.social sec.serv.",Renewable energies,28,28,33,35,38,33,45,117,169,228,1478,1741,2027,1752,1895,2485,2472,2301,4816,3991,4950,4041,5961,5989,6450,8054
CPA08-O,"Public adm.,defence serv.,compuls.social sec.serv.",Electricity and other energy sources,48136,46600,45704,46113,44728,47037,41807,41763,44993,45161,42983,45966,43261,48237,43523,48886,43018,40420,47651,43555,45722,42406,44607,41847,41873,39310
CPA08-P,Education services,Hard coal and hard coal products,768,637,665,321,365,523,590,535,342,288,217,208,166,347,0,310,473,228,47,100,247,46,32,37,3,3
CPA08-P,Education services,Brown coal (lignite) and brown coal products,1276,906,1024,317,269,267,190,204,50,6,5,4,2,0,0,0,0,0,0,0,0,0,0,0,0,0
CPA08-P,Education services,Crude oil,0,0,0,0,0,0,0,0,0,0,0,0,0,0,0,0,0,0,0,0,0,0,0,0,0,0
CPA08-P,Education services,Petrol,386,357,348,393,390,353,336,334,304,290,268,252,230,236,224,223,230,236,233,109,112,121,132,146,165,160
CPA08-P,Education services,Diesel fuels,723,729,773,826,885,952,1053,1208,1182,1247,1427,1464,1534,1633,1536,1589,1652,1728,1744,635,695,772,830,855,902,794
CPA08-P,Education services,Aviation turbine fuel,0,0,0,0,0,0,0,0,0,0,0,0,0,0,0,0,0,0,0,0,0,0,0,0,0,0
CPA08-P,Education services,Heating oil,28320,34856,26769,27715,24250,21158,25088,24761,26413,23873,22013,21165,14058,24801,20431,19470,16789,17085,17816,13147,12142,12613,13186,10889,10378,14177
CPA08-P,Education services,Heavy fuel oil,344,437,258,107,282,0,8,7,7,7,11,7,7,7,6,7,5,5,3,0,0,0,0,0,0,0
CPA08-P,Education services,Other mineral oil products,0,0,0,0,0,0,0,0,0,0,1,1,2,4,6,5,6,6,6,3,3,3,3,3,3,2
CPA08-P,Education services,Gases,49899,63367,59943,60249,58805,54251,62573,57931,42304,42351,53584,64503,50477,51533,46186,48103,43897,39818,45125,39388,46893,43899,42985,40327,42350,41296
CPA08-P,Education services,Renewable energies,0,0,1,1,1,3,11,30,46,58,396,513,628,513,528,572,606,297,295,253,269,286,289,384,417,472
CPA08-P,Education services,Electricity and other energy sources,41961,40258,38890,39304,37334,32765,33279,32234,49865,52744,51887,45964,39348,43782,35978,50498,37174,27381,31037,29257,27005,24531,26675,22273,24632,22143
CPA08-Q,Human health and social work services,Hard coal and hard coal products,2965,2475,2598,1251,1452,2118,2443,2554,1581,1324,1249,1737,1952,2305,1649,1989,2233,441,90,352,225,67,79,91,8,7
CPA08-Q,Human health and social work services,Brown coal (lignite) and brown coal products,4930,3521,3997,1234,1070,1081,787,974,231,27,31,36,20,0,0,0,0,0,0,0,0,0,0,0,0,0
CPA08-Q,Human health and social work services,Crude oil,0,0,0,0,0,0,0,0,0,0,0,0,0,0,0,0,0,0,0,0,0,0,0,0,0,0
CPA08-Q,Human health and social work services,Petrol,3184,2987,2885,3292,3355,2974,2779,2574,2541,2538,2468,2369,2357,2451,2591,2666,2878,3025,3020,2935,2981,3178,3446,3733,4087,3808
CPA08-Q,Human health and social work services,Diesel fuels,966,1018,1159,1377,1628,1931,2357,2469,3019,3477,4665,4761,5165,5760,6551,7261,7913,8551,8787,6338,6672,7041,7280,7333,7394,6216
CPA08-Q,Human health and social work services,Aviation turbine fuel,0,0,0,0,0,0,0,0,0,0,0,0,0,0,0,0,0,0,0,0,0,0,0,0,0,0
CPA08-Q,Human health and social work services,Heating oil,28751,36462,28676,29893,26847,23880,28084,28507,29734,26953,27536,28850,18517,28616,25364,26643,20186,21596,23398,20616,21727,22949,22548,18402,17379,23964
CPA08-Q,Human health and social work services,Heavy fuel oil,167,212,125,52,137,0,4,3,4,3,5,4,3,3,3,4,3,2,1,0,0,0,0,0,0,0
CPA08-Q,Human health and social work services,Other mineral oil products,0,0,0,0,0,0,0,1,1,4,5,11,21,40,66,64,76,84,83,84,81,78,76,71,65,52
CPA08-Q,Human health and social work services,Gases,54288,71038,68815,69643,69769,65617,75064,76191,56526,56371,59031,73353,60671,68940,65419,71484,66683,63755,69383,71310,71991,72252,69347,67677,71643,70511
CPA08-Q,Human health and social work services,Renewable energies,45,46,53,58,63,34,47,48,74,114,734,1024,1258,1075,1154,1309,1425,1203,1063,1127,1146,1195,1410,1581,1627,2272
CPA08-Q,Human health and social work services,Electricity and other energy sources,51888,52367,52366,53500,52884,49178,50811,54858,74553,74168,81009,82788,67751,69095,64936,70670,61122,56089,62066,58106,63607,60371,62898,57478,60202,56515
CPA08-R-01,Other services,Hard coal and hard coal products,418,343,354,173,201,298,346,277,230,191,143,139,352,487,0,217,992,332,34,102,257,47,30,34,3,3
CPA08-R-01,Other services,Brown coal (lignite) and brown coal products,695,488,544,171,148,152,111,106,34,4,4,3,4,0,0,0,0,0,0,0,0,0,0,0,0,0
CPA08-R-01,Other services,Crude oil,0,0,0,0,0,0,0,0,0,0,0,0,0,0,0,0,0,0,0,0,0,0,0,0,0,0
CPA08-R-01,Other services,Petrol,13461,12620,12271,13781,13582,11894,10943,7489,6279,5532,4747,4429,3785,3815,3916,3627,3471,3304,3252,1585,1492,1475,1519,1614,1753,1596
CPA08-R-01,Other services,Diesel fuels,63416,63923,65204,66349,68449,68227,70370,45312,42088,42262,42069,43175,43443,46534,45502,44274,43329,42348,42272,53889,55041,55668,55088,53297,52115,42318
CPA08-R-01,Other services,Aviation turbine fuel,0,0,0,0,0,0,0,0,0,0,0,0,0,0,0,0,0,0,0,0,0,0,0,0,0,0
CPA08-R-01,Other services,Heating oil,29792,34476,26345,28995,26100,23059,27109,24329,23175,20803,23893,22051,13713,21581,15126,16207,13733,13968,14786,12715,13905,13133,13171,10532,9964,13305
CPA08-R-01,Other services,Heavy fuel oil,73,93,55,23,60,0,2,1,2,1,2,2,1,1,1,2,1,1,1,0,0,0,0,0,0,0
CPA08-R-01,Other services,Other mineral oil products,1,1,1,1,1,1,1,4,4,9,10,20,34,62,100,88,91,91,90,302,276,248,220,199,186,150
CPA08-R-01,Other services,Gases,33871,40171,38148,40778,41132,38995,44972,49871,39594,38921,38806,41190,30626,30979,27478,28370,21726,20394,23106,25735,28249,27943,27114,24775,25815,24681
CPA08-R-01,Other services,Renewable energies,116,146,235,276,400,789,1129,738,998,1304,2732,4778,5275,4255,3613,3498,3307,5780,4743,6786,5814,6033,6634,7016,6667,8117
CPA08-R-01,Other services,Electricity and other energy sources,48301,44833,43397,46790,46167,45973,48579,49869,51864,52491,52943,47393,41724,46060,40063,50411,39608,33484,36508,33604,35546,32101,32746,29494,29956,27552
